"CASE","SERIAL","REF","QUESTNNR","MODE","STARTED","A001","A002_01","A010","A010_09","A014","A016","A015","A101_04","A101_09","A101_14","A101_19","A101_24","A101_29","A101_34","A101_39","A101_44","A101_49","A101_54","A101_59","A201_01","A201_02","A201_03","A201_04","A201_05","A201_06","A201_07","A201_08","A201_09","A201_10","A201_11","A201_12","A202_01","A202_02","A202_03","A202_04","A202_05","A202_06","A202_07","A202_08","A202_09","A202_10","A202_11","A203_01","A203_02","A203_03","A203_04","A203_05","A203_06","A203_07","A203_08","A203_09","A203_10","A203_11","TIME001","TIME002","TIME003","TIME004","TIME005","TIME006","TIME007","TIME_SUM","MAILSENT","LASTDATA","FINISHED","Q_VIEWER","LASTPAGE","MAXPAGE","MISSING","MISSREL","TIME_RSI","DEG_TIME"
5,"anonymous",,"Frag1","interview",2023-05-26 09:46:07,2,28,7,,1,-1,1,4,4,2,4,3,3,4,2,1,2,3,1,5,5,6,5,6,6,5,5,5,6,5,6,5,5,5,5,3,4,5,4,5,6,5,5,2,5,6,4,1,3,2,2,5,2,9,40,65,48,48,76,,231,,2023-05-26 09:50:53,1,0,6,6,0,0,0.87,10
7,"anonymous",,"Frag1","interview",2023-05-26 09:55:10,1,21,7,,1,-1,2,3,4,3,2,3,2,4,4,4,3,4,4,4,4,4,2,6,6,3,3,3,4,4,3,5,5,5,4,5,5,5,5,5,5,5,4,5,6,5,3,2,4,2,3,6,3,71,13,79,52,39,92,,213,,2023-05-26 10:00:57,1,0,6,6,0,0,0.91,14
17,"anonymous",,"Frag1","interview",2023-05-26 10:26:53,2,99,2,,3,-1,2,2,3,2,5,3,3,4,1,1,5,1,1,4,3,4,5,5,2,4,5,5,4,3,4,2,4,3,4,3,3,4,4,4,4,4,1,6,5,5,2,4,4,1,1,4,4,3,6,10,25,12,13,40,109,,2023-05-26 10:28:42,1,0,7,7,0,0,2.33,104
22,"anonymous",,"Frag1","interview",2023-05-26 11:58:30,1,22,7,,1,2,1,3,5,4,5,2,3,3,4,4,4,4,5,3,2,4,1,4,4,3,1,4,1,2,4,4,5,4,4,4,4,3,3,3,4,6,4,4,6,5,5,3,5,6,5,5,3,33,13,18,78,92,82,53,369,,2023-05-26 12:04:39,1,0,7,7,0,0,0.81,3
23,"anonymous",,"Frag1","interview",2023-05-26 11:58:59,2,23,7,,1,-1,1,4,4,5,4,4,2,4,2,2,3,2,3,3,4,4,2,6,5,3,3,4,3,5,4,5,4,3,4,5,4,4,5,4,3,4,2,2,2,3,3,3,4,5,4,4,3,10,10,13,71,80,48,50,282,,2023-05-26 12:03:41,1,0,7,7,0,0,1.07,8
24,"anonymous",,"Frag1","interview",2023-05-26 12:01:07,1,20,7,,1,-1,2,5,4,5,5,5,2,5,5,4,4,4,2,5,4,6,2,6,4,6,2,6,2,6,6,6,6,4,5,5,6,5,5,5,6,6,6,4,4,1,6,2,6,6,4,6,3,3,13,11,67,89,60,87,330,,2023-05-26 12:06:38,1,0,7,7,0,0,1.15,11
25,"anonymous",,"Frag1","interview",2023-05-26 12:04:08,3,34,2,,3,-1,1,1,1,1,1,1,1,1,1,1,1,1,1,1,6,6,6,6,1,6,6,6,6,1,6,1,1,1,6,1,1,1,1,1,1,1,1,6,6,6,1,1,1,1,1,1,1,2,6,9,25,29,9,7,87,,2023-05-26 12:05:35,1,0,7,7,0,0,2.62,155
27,"anonymous",,"Frag1","interview",2023-05-26 12:09:37,1,27,7,,1,-1,2,5,5,4,5,3,3,4,5,4,5,3,3,5,4,4,3,4,4,3,3,4,2,4,4,4,3,4,4,3,2,5,5,4,6,4,4,5,4,3,5,4,4,4,5,4,4,11,14,11,54,83,69,166,408,,2023-05-26 12:16:25,1,0,7,7,0,0,0.88,3
30,"anonymous",,"Frag1","interview",2023-05-26 12:18:38,2,25,8,,1,-1,1,5,4,3,5,5,1,4,4,4,5,4,5,4,1,6,1,5,5,4,6,1,3,1,2,6,6,6,2,3,5,5,6,6,6,6,6,6,3,2,6,1,6,6,6,6,6,4,19,7,201,72,31,39,373,,2023-05-26 12:24:51,1,0,7,7,0,0,1.29,20
31,"anonymous",,"Frag1","interview",2023-05-26 12:19:16,2,24,8,,3,-1,2,5,5,5,4,5,4,5,5,2,4,4,4,1,4,5,2,4,5,4,5,4,2,5,3,5,4,4,2,3,4,5,6,6,6,3,2,5,4,4,2,2,6,4,3,5,2,11,22,8,64,87,49,65,306,,2023-05-26 12:24:22,1,0,7,7,0,0,0.97,4
33,"anonymous",,"Frag1","interview",2023-05-26 12:20:10,2,25,7,,2,-1,2,5,5,4,4,3,2,4,4,3,4,4,4,3,2,4,1,5,5,3,2,4,4,3,3,6,4,2,2,3,5,3,2,4,5,5,3,5,5,6,6,6,6,6,6,6,5,5,11,8,57,77,46,42,246,,2023-05-26 12:24:16,1,0,7,7,0,0,1.31,15
34,"anonymous",,"Frag1","interview",2023-05-26 12:20:11,2,23,7,,1,-1,1,4,5,4,4,1,1,4,4,3,4,2,1,5,4,5,2,5,5,6,4,4,6,5,5,6,6,6,4,5,5,6,5,6,6,6,3,4,5,3,5,1,5,6,6,6,6,4,10,46,103,61,37,73,334,,2023-05-26 12:25:45,1,0,7,7,0,0,1.13,15
36,"anonymous",,"Frag1","interview",2023-05-26 12:20:47,1,30,7,,1,-1,2,5,5,4,4,3,4,4,4,4,5,2,4,5,5,4,2,4,5,4,4,5,2,5,1,5,5,4,6,6,5,6,4,5,6,6,4,4,2,3,3,2,4,5,4,3,2,7,17,6,94,78,47,67,316,,2023-05-26 12:26:03,1,0,7,7,0,0,1.08,7
37,"anonymous",,"Frag1","interview",2023-05-26 12:21:23,2,26,7,,1,-1,1,4,4,3,5,4,4,5,2,2,3,2,2,3,2,5,4,5,5,2,5,5,6,5,4,6,6,5,5,5,5,4,3,4,5,6,2,4,6,5,4,2,3,6,5,6,5,12,14,7,69,133,71,84,390,,2023-05-26 12:27:53,1,0,7,7,0,0,0.9,4
38,"anonymous",,"Frag1","interview",2023-05-26 12:21:43,2,22,7,,1,-1,2,5,4,4,4,3,2,4,5,4,5,4,4,5,3,3,2,4,3,3,3,4,3,2,3,6,5,4,2,4,4,5,5,4,4,5,4,5,5,3,3,4,6,5,5,5,4,813,7,10,41,164,84,125,438,,2023-05-26 12:42:28,1,0,7,7,0,0,0.94,13
40,"anonymous",,"Frag1","interview",2023-05-26 12:21:51,2,26,7,,1,-1,1,5,5,5,4,4,4,4,5,3,4,2,5,3,3,4,2,4,4,5,4,5,4,4,3,4,3,2,3,5,3,4,5,4,5,3,5,6,5,4,4,3,5,5,3,5,2,2,6,10,57,70,47,60,252,,2023-05-26 12:26:03,1,0,7,7,0,0,1.6,34
41,"anonymous",,"Frag1","interview",2023-05-26 12:22:26,2,23,8,,2,-1,2,5,3,4,4,3,3,3,4,4,3,2,4,4,4,4,2,4,5,3,2,4,2,4,2,6,4,5,4,5,5,4,4,4,4,6,5,5,5,5,4,4,5,6,6,6,6,11,15,14,181,74,50,61,406,,2023-05-26 12:29:12,1,0,7,7,0,0,0.87,2
43,"anonymous",,"Frag1","interview",2023-05-26 12:22:49,2,23,7,,2,-1,2,4,4,4,2,4,2,5,5,2,4,2,2,3,4,5,2,5,6,3,4,4,3,6,4,6,6,4,5,2,4,5,2,5,6,5,6,2,4,6,6,1,2,6,4,5,5,27,30,11,101,115,72,86,442,,2023-05-26 12:30:11,1,0,7,7,0,0,0.66,0
45,"anonymous",,"Frag1","interview",2023-05-26 12:24:35,2,21,7,,1,-1,2,4,3,4,5,3,2,5,4,2,3,1,4,3,4,4,2,5,6,6,3,5,3,6,3,5,3,4,2,6,5,4,5,5,5,6,5,4,6,5,6,2,4,5,6,6,3,22,18,15,58,82,55,75,325,,2023-05-26 12:30:00,1,0,7,7,0,0,0.85,2
46,"anonymous",,"Frag1","interview",2023-05-26 12:24:51,2,22,7,,1,-1,2,4,4,4,4,2,2,4,2,3,3,3,3,4,4,3,2,4,5,2,3,4,4,5,2,5,4,4,4,4,3,5,5,4,4,4,3,5,3,3,4,2,5,3,4,4,3,20,25,13,111,248,107,131,655,,2023-05-26 12:35:46,1,0,7,7,0,0,0.53,0
47,"anonymous",,"Frag1","interview",2023-05-26 12:24:55,2,25,7,,3,-1,1,5,5,3,5,3,4,4,3,4,5,3,2,4,4,4,1,4,5,3,4,5,5,5,3,5,3,3,5,3,4,5,4,5,4,4,6,3,6,2,5,3,3,5,5,6,4,11,12,12,53,69,593,87,299,,2023-05-26 12:38:52,1,0,7,7,0,0,0.88,6
49,"anonymous",,"Frag1","interview",2023-05-26 12:26:33,2,26,7,,2,-1,1,4,4,2,4,3,2,4,4,3,4,2,4,4,5,5,2,5,5,3,4,2,3,5,4,5,5,5,5,5,5,6,6,6,4,5,5,6,5,5,5,2,6,6,5,6,5,13,25,9,82,90,69,80,368,,2023-05-26 12:32:41,1,0,7,7,0,0,0.81,1
50,"anonymous",,"Frag1","interview",2023-05-26 12:26:44,2,21,8,,1,-1,2,5,5,4,4,4,4,4,3,3,4,5,5,4,5,4,2,4,6,3,1,4,3,5,4,5,5,4,5,3,3,5,5,5,5,5,1,6,6,5,3,2,6,3,2,5,2,19,33,13,61,92,50,62,330,,2023-05-26 12:32:14,1,0,7,7,0,0,0.84,2
53,"anonymous",,"Frag1","interview",2023-05-26 12:27:01,2,27,8,,1,-1,2,4,4,3,5,3,5,4,4,2,4,5,4,5,5,5,1,5,5,4,2,4,4,4,4,5,6,4,4,6,5,4,5,5,6,6,5,3,4,1,3,2,2,5,5,4,3,12,13,12,84,91,62,69,343,,2023-05-26 12:32:44,1,0,7,7,0,0,0.89,1
54,"anonymous",,"Frag1","interview",2023-05-26 12:27:11,1,20,7,,2,-1,2,5,4,5,5,4,3,4,5,3,4,2,4,1,3,4,3,5,3,2,1,5,2,3,2,5,5,3,4,4,5,5,4,4,6,6,5,5,6,5,6,6,5,6,5,6,6,8,16,12,96,82,57,65,336,,2023-05-26 12:32:47,1,0,7,7,0,0,0.92,1
56,"anonymous",,"Frag1","interview",2023-05-26 12:29:22,2,24,7,,3,-1,2,5,5,5,5,4,4,5,5,5,5,3,5,2,4,2,1,5,5,3,2,5,2,5,2,6,6,4,4,5,3,6,5,5,6,6,6,6,5,2,5,6,6,6,6,5,5,9,9,6,33,42,29,27,155,,2023-05-26 12:31:57,1,0,7,7,0,0,1.81,42
58,"anonymous",,"Frag1","interview",2023-05-26 12:30:23,2,21,7,,3,-1,1,4,4,3,1,4,3,3,2,3,4,3,2,5,5,5,2,4,5,3,5,5,5,3,4,5,3,3,3,5,3,3,5,4,5,6,2,6,3,3,5,5,6,5,4,4,2,11,15,11,89,91,72,79,368,,2023-05-26 12:36:31,1,0,7,7,0,0,0.84,0
59,"anonymous",,"Frag1","interview",2023-05-26 12:30:33,2,29,7,,2,-1,1,5,4,4,5,4,4,5,4,3,4,3,3,4,4,5,3,5,5,4,3,4,4,4,4,5,4,4,5,4,3,5,5,5,5,5,4,5,5,5,4,5,5,4,4,5,3,4,8,9,45,48,38,41,193,,2023-05-26 12:33:46,1,0,7,7,0,0,1.59,30
60,"anonymous",,"Frag1","interview",2023-05-26 12:31:19,2,26,8,,3,-1,1,5,4,5,4,4,4,4,4,3,4,3,5,4,1,4,1,4,5,2,2,4,3,4,4,6,5,5,6,4,4,4,5,4,5,5,3,3,4,4,4,2,4,5,4,5,4,6,9,8,55,98,70,70,316,,2023-05-26 12:36:35,1,0,7,7,0,0,1.14,10
61,"anonymous",,"Frag1","interview",2023-05-26 12:31:30,1,20,7,,1,-1,2,5,5,5,4,1,1,5,4,3,4,1,2,4,3,3,4,5,3,6,6,6,5,2,6,5,3,3,4,3,3,4,5,2,5,5,5,6,6,6,6,3,6,6,2,6,4,3,10,7,51,56,37,59,223,,2023-05-26 12:35:13,1,0,7,7,0,0,1.54,27
63,"anonymous",,"Frag1","interview",2023-05-26 12:31:40,2,26,7,,2,1,1,5,4,4,5,3,3,4,3,2,5,2,3,5,3,5,4,5,4,4,4,3,4,4,4,6,5,5,4,3,5,5,5,5,6,6,5,5,2,2,5,2,6,5,4,6,5,5,13,15,99,130,73,74,409,,2023-05-26 12:38:29,1,0,7,7,0,0,0.89,4
65,"anonymous",,"Frag1","interview",2023-05-26 12:32:49,2,26,7,,2,-1,1,5,5,4,4,4,3,5,4,4,4,3,4,3,4,4,1,4,4,3,3,3,2,4,2,5,4,3,3,4,3,4,6,5,4,5,3,2,6,6,5,2,3,5,4,5,2,6,16,12,68,143,58,59,362,,2023-05-26 12:38:51,1,0,7,7,0,0,0.95,2
66,"anonymous",,"Frag1","interview",2023-05-26 12:33:09,2,20,7,,1,-1,2,1,1,1,1,1,1,3,1,1,1,1,1,6,4,6,6,6,6,6,6,6,6,6,6,6,6,6,6,6,6,6,6,6,6,6,6,3,6,4,6,2,2,3,2,6,2,10,12,9,48,92,41,67,279,,2023-05-26 12:37:48,1,0,7,7,0,0,1.11,8
67,"anonymous",,"Frag1","interview",2023-05-26 12:33:26,1,23,8,,1,-1,1,4,3,5,4,4,3,4,3,3,4,3,4,3,4,4,2,3,4,3,2,2,3,5,2,5,4,6,4,4,5,4,5,3,5,6,3,3,5,3,4,3,4,4,4,5,4,6,25,12,65,80,44,72,304,,2023-05-26 12:38:31,1,0,7,7,0,0,0.99,4
68,"anonymous",,"Frag1","interview",2023-05-26 12:33:47,1,25,8,,1,-1,1,4,5,4,5,3,2,3,4,2,2,3,4,4,2,4,3,3,5,1,1,3,4,5,3,5,5,4,5,4,5,5,6,6,6,6,4,6,3,5,6,4,6,5,5,4,6,2,14,8,45,74,35,68,246,,2023-05-26 12:37:53,1,0,7,7,0,0,1.51,29
69,"anonymous",,"Frag1","interview",2023-05-26 12:34:41,1,23,7,,1,-1,1,3,3,2,3,4,2,4,2,4,4,1,4,4,6,4,2,5,6,3,3,3,5,4,4,5,4,6,6,6,5,5,5,4,5,6,4,4,3,3,4,2,4,3,2,5,3,53,9,8,52,48,31,90,245,,2023-05-26 12:39:32,1,0,7,7,0,0,1.24,20
70,"anonymous",,"Frag1","interview",2023-05-26 12:35:40,1,24,7,,3,2,1,4,4,4,5,2,4,3,2,4,3,2,5,2,2,3,2,4,6,2,2,4,1,2,1,4,3,3,2,2,2,5,3,2,4,5,4,4,6,4,4,6,4,5,5,6,4,6,11,12,64,73,43,49,258,,2023-05-26 12:39:58,1,0,7,7,0,0,1.18,10
71,"anonymous",,"Frag1","interview",2023-05-26 12:35:55,2,22,9,"B.Sc.",1,-1,2,2,3,4,4,2,1,2,2,3,4,1,4,4,1,5,2,5,5,2,4,3,1,6,4,6,6,5,5,6,5,5,4,5,6,6,2,1,5,5,3,1,2,2,4,6,2,4,23,8,72,79,37,61,284,,2023-05-26 12:40:39,1,0,7,7,0,0,1.18,12
72,"anonymous",,"Frag1","interview",2023-05-26 12:36:01,1,26,7,,1,-1,1,5,5,3,3,4,2,4,4,3,3,4,5,3,5,5,1,4,6,2,4,4,1,3,3,4,2,4,2,4,3,6,6,6,6,5,3,6,3,1,5,5,6,5,2,5,3,2,12,11,80,103,56,158,422,,2023-05-26 12:43:03,1,0,7,7,0,0,1.18,20
74,"anonymous",,"Frag1","interview",2023-05-26 12:38:37,1,23,8,,1,-1,2,5,4,3,2,3,2,4,5,4,5,2,2,5,2,5,4,6,6,3,5,5,6,6,6,6,6,3,5,6,6,6,5,6,6,6,3,6,6,6,3,1,5,1,3,6,1,4,9,7,58,75,43,50,246,,2023-05-26 12:42:43,1,0,7,7,0,0,1.4,20
75,"anonymous",,"Frag1","interview",2023-05-26 12:39:38,2,25,7,,3,-1,1,5,4,2,4,5,2,3,3,2,2,4,2,4,2,4,6,5,4,1,1,2,5,4,3,6,6,6,1,4,6,5,4,3,4,6,2,6,6,5,6,6,6,6,6,6,4,2,6,15,48,63,53,36,223,,2023-05-26 12:43:21,1,0,7,7,0,0,1.7,41
76,"anonymous",,"Frag1","interview",2023-05-26 12:39:56,2,22,8,,3,-1,2,5,5,5,5,4,3,4,4,5,4,2,2,4,5,3,1,5,5,3,4,4,5,6,5,5,5,5,4,4,3,5,5,6,5,4,5,4,6,6,5,1,4,5,4,6,2,3,10,7,65,73,62,44,264,,2023-05-26 12:44:20,1,0,7,7,0,0,1.42,22
78,"anonymous",,"Frag1","interview",2023-05-26 12:40:00,2,26,7,,1,-1,2,5,5,4,5,3,3,4,4,3,5,3,5,3,3,3,2,4,3,3,2,3,3,4,4,3,3,3,3,2,3,4,5,3,4,3,4,3,5,5,5,3,4,4,4,6,5,5,18,12,78,92,51,62,318,,2023-05-26 12:45:18,1,0,7,7,0,0,1.01,4
79,"anonymous",,"Frag1","interview",2023-05-26 12:40:43,2,26,7,,1,-1,2,3,2,3,2,2,2,2,2,1,2,1,3,4,6,5,3,4,4,5,4,5,1,6,4,2,3,1,3,3,3,5,5,2,4,2,4,2,5,2,3,1,3,6,6,6,4,50,16,9,81,76,88,87,364,,2023-05-26 12:47:30,1,0,7,7,0,0,0.79,2
80,"anonymous",,"Frag1","interview",2023-05-26 12:40:47,2,23,9,"Bachelor of Arts",3,-1,2,5,5,3,3,2,1,3,2,3,5,3,4,4,3,5,2,4,4,3,2,2,5,1,3,5,3,6,4,3,4,4,1,4,3,5,4,5,5,3,4,3,4,6,6,6,3,5,18,11,69,130,65,80,378,,2023-05-26 12:47:05,1,0,7,7,0,0,0.93,3
82,"anonymous",,"Frag1","interview",2023-05-26 12:42:11,1,20,7,,2,-1,2,5,5,5,5,4,3,4,5,3,4,4,4,4,3,3,2,4,5,2,5,4,3,5,3,5,5,4,5,4,4,5,4,4,4,5,4,5,6,6,5,4,5,6,4,5,2,4,14,11,61,69,44,58,261,,2023-05-26 12:46:32,1,0,7,7,0,0,1.22,11
83,"anonymous",,"Frag1","interview",2023-05-26 12:43:51,1,21,7,,2,-1,2,5,4,3,4,3,2,4,2,4,3,1,3,4,4,3,2,4,5,3,4,5,3,5,5,4,4,3,2,4,3,4,5,4,5,2,5,1,6,5,5,5,2,5,5,6,5,6,17,11,92,66,55,53,300,,2023-05-26 12:48:51,1,0,7,7,0,0,1.04,5
84,"anonymous",,"Frag1","interview",2023-05-26 12:44:04,1,24,7,,3,-1,2,4,3,2,4,4,2,3,5,3,4,3,5,3,2,2,1,3,2,2,2,2,1,2,3,6,5,4,4,4,5,4,2,3,2,6,2,3,4,3,4,2,3,4,4,5,2,11,39,9,68,69,1250,300,551,,2023-05-26 13:13:10,1,0,7,7,0,0,0.66,3
85,"anonymous",,"Frag1","interview",2023-05-26 12:44:21,2,23,8,,1,-1,2,4,4,2,2,3,2,4,2,2,3,4,3,4,3,4,2,3,4,4,2,3,3,3,4,5,4,4,3,3,4,5,4,2,5,4,2,2,3,5,4,3,4,4,5,5,4,2,8,9,79,109,80,81,368,,2023-05-26 12:50:29,1,0,7,7,0,0,1.31,25
86,"anonymous",,"Frag1","interview",2023-05-26 12:44:55,2,23,8,,2,-1,2,5,5,4,5,4,4,5,4,2,4,2,2,4,3,5,1,4,5,6,5,4,4,3,4,5,3,5,2,3,3,6,6,5,5,6,6,6,3,5,6,2,6,6,5,4,3,38,7,6,49,52,45,53,250,,2023-05-26 12:49:05,1,0,7,7,0,0,1.36,24
88,"anonymous",,"Frag1","interview",2023-05-26 12:46:43,1,29,8,,2,-1,2,5,5,5,5,5,4,5,4,4,5,4,5,1,2,5,1,3,5,4,4,5,2,5,2,6,4,6,2,6,6,5,5,5,5,6,4,2,5,4,5,2,3,5,2,6,4,19,38,14,64,75,41,61,312,,2023-05-26 12:51:55,1,0,7,7,0,0,0.88,5
89,"anonymous",,"Frag1","interview",2023-05-26 12:46:43,2,25,8,,1,-1,1,4,4,5,3,2,1,4,2,1,2,3,2,5,4,6,4,5,6,2,5,5,4,5,5,3,4,5,3,5,4,6,2,3,5,3,5,3,3,5,5,1,4,4,2,5,2,4,18,10,81,83,59,86,341,,2023-05-26 12:52:24,1,0,7,7,0,0,1.03,5
90,"anonymous",,"Frag1","interview",2023-05-26 12:48:47,1,23,8,,2,-1,2,5,5,5,4,4,5,4,4,3,4,4,5,2,3,5,2,5,5,4,2,5,4,6,2,6,6,4,5,5,6,5,5,4,6,6,5,6,5,5,6,4,6,4,4,6,5,3,9,8,47,54,39,44,204,,2023-05-26 12:52:11,1,0,7,7,0,0,1.61,30
92,"anonymous",,"Frag1","interview",2023-05-26 12:49:12,2,23,7,,3,-1,2,4,5,4,5,4,3,4,4,3,3,3,4,3,2,3,1,3,4,2,2,3,2,4,2,4,4,3,4,3,3,4,4,4,4,3,4,6,4,6,4,3,5,5,5,4,4,12,22,10,78,89,64,89,364,,2023-05-26 12:55:17,1,0,7,7,0,0,0.82,0
116,"anonymous",,"Frag1","interview",2023-05-26 12:51:22,2,24,7,,1,-1,2,5,5,3,4,3,2,4,2,1,3,5,4,4,4,5,2,4,5,4,5,4,2,5,3,5,4,4,3,5,4,5,5,5,5,6,3,5,4,3,2,1,4,1,1,1,2,10,14,8,64,72,57,55,280,,2023-05-26 12:56:02,1,0,7,7,0,0,1.07,6
118,"anonymous",,"Frag1","interview",2023-05-26 12:51:49,2,26,8,,1,-1,1,4,3,3,5,2,4,4,5,3,3,3,4,4,3,4,3,4,5,4,2,1,2,5,4,4,4,5,2,2,2,6,6,5,5,4,2,2,2,5,3,2,4,4,4,1,1,4,11,11,48,61,47,50,232,,2023-05-26 12:55:42,1,0,7,7,0,0,1.34,18
119,"anonymous",,"Frag1","interview",2023-05-26 12:51:54,1,23,7,,2,-1,2,5,5,4,3,3,3,4,4,3,4,2,3,5,3,5,2,4,5,2,3,5,4,4,4,5,4,4,5,4,2,4,6,5,5,6,4,5,6,4,5,5,5,4,4,6,2,7,15,12,76,98,70,66,344,,2023-05-26 12:57:38,1,0,7,7,0,0,0.92,0
120,"anonymous",,"Frag1","interview",2023-05-26 12:53:02,2,29,7,,3,-1,1,4,4,2,5,2,1,3,4,4,3,1,1,6,6,3,1,3,1,6,5,1,2,4,5,2,1,1,5,1,1,6,5,6,1,1,2,6,6,6,6,1,6,6,1,6,6,4,13,11,52,55,38,44,217,,2023-05-26 12:56:39,1,0,7,7,0,0,1.38,20
122,"anonymous",,"Frag1","interview",2023-05-26 12:53:13,1,19,7,,3,-1,2,4,3,4,2,4,4,3,4,3,4,3,4,4,3,5,3,5,5,3,3,4,3,3,3,5,5,3,3,3,4,5,4,5,5,5,4,4,3,2,4,4,4,5,3,4,4,7,11,12,59,90,70,63,312,,2023-05-26 12:58:25,1,0,7,7,0,0,1.03,4
124,"anonymous",,"Frag1","interview",2023-05-26 12:54:08,1,21,7,,1,-1,2,5,5,5,4,4,3,5,3,3,4,3,3,4,4,5,1,5,6,5,3,4,6,5,5,6,6,3,3,6,6,5,5,5,6,6,4,3,1,1,6,1,6,5,4,5,2,4,9,7,72,81,49,61,283,,2023-05-26 12:58:51,1,0,7,7,0,0,1.3,15
126,"anonymous",,"Frag1","interview",2023-05-26 12:55:15,2,23,7,,1,-1,1,4,4,5,5,3,2,3,4,2,3,4,3,5,3,5,4,4,6,6,3,4,3,4,2,5,3,3,3,2,2,5,4,3,4,6,2,2,5,6,6,3,6,1,6,6,4,2,20,14,107,147,99,106,495,,2023-05-26 13:03:30,1,0,7,7,0,0,0.98,18
128,"anonymous",,"Frag1","interview",2023-05-26 12:56:39,2,23,8,,1,2,1,3,2,5,4,4,2,5,3,2,1,1,3,3,1,6,1,6,6,3,6,5,5,2,3,6,6,6,6,6,6,6,6,6,6,6,1,1,6,6,6,6,1,5,1,6,2,15,12,21,88,91,43,54,324,,2023-05-26 13:02:04,1,0,7,7,0,0,0.92,6
129,"anonymous",,"Frag1","interview",2023-05-26 12:56:40,2,21,7,,2,-1,2,5,5,5,4,4,4,4,4,2,5,3,4,5,4,5,1,5,5,4,3,4,4,2,2,5,5,4,5,3,4,4,5,6,3,5,2,3,5,6,4,3,3,5,4,5,4,12,16,9,74,93,74,79,357,,2023-05-26 13:02:37,1,0,7,7,0,0,0.87,1
131,"anonymous",,"Frag1","interview",2023-05-26 12:57:30,1,22,7,,1,-1,1,4,5,5,4,4,4,4,5,3,4,4,5,4,3,4,2,5,5,2,2,3,3,4,4,5,4,5,4,4,4,5,5,5,5,5,3,4,3,4,4,3,4,4,3,4,4,3,8,9,70,110,66,74,340,,2023-05-26 13:03:10,1,0,7,7,0,0,1.26,17
134,"anonymous",,"Frag1","interview",2023-05-26 12:59:32,2,23,8,,1,-1,1,4,5,3,4,2,2,4,4,3,3,2,4,4,4,4,2,5,5,2,4,4,2,3,3,5,4,4,4,5,5,5,6,4,3,5,3,4,6,6,3,4,4,5,4,6,4,3,15,16,57,69,45,47,252,,2023-05-26 13:03:44,1,0,7,7,0,0,1.3,17
136,"anonymous",,"Frag1","interview",2023-05-26 13:01:10,2,22,7,,1,-1,2,5,4,4,3,4,3,4,3,4,3,2,4,2,3,4,1,4,5,4,4,4,2,5,2,5,4,4,4,4,3,4,4,5,5,5,4,3,4,4,5,3,3,3,2,1,2,6,13,9,47,74,39,43,231,,2023-05-26 13:05:01,1,0,7,7,0,0,1.29,15
137,"anonymous",,"Frag1","interview",2023-05-26 13:01:19,2,20,7,,1,-1,2,3,4,2,4,2,3,3,2,3,2,3,3,3,2,4,2,3,3,2,4,4,4,3,4,4,5,2,5,2,4,3,2,3,5,3,4,5,3,2,5,5,6,6,5,5,5,21,14,16,121,325,108,121,726,,2023-05-26 13:13:25,1,0,7,7,0,0,0.56,1
138,"anonymous",,"Frag1","interview",2023-05-26 13:01:59,2,26,8,,1,-1,2,4,4,4,2,1,2,3,2,2,2,1,3,5,4,4,3,3,5,5,2,2,3,2,4,5,6,4,5,3,3,4,5,5,5,6,3,3,5,6,5,1,4,5,5,5,1,4,10,6,46,48,40,51,205,,2023-05-26 13:05:24,1,0,7,7,0,0,1.56,28
139,"anonymous",,"Frag1","interview",2023-05-26 13:03:12,2,29,8,,3,-1,1,4,5,3,5,5,4,5,4,3,3,3,1,5,4,5,1,5,5,5,5,4,6,6,4,4,2,4,5,4,4,5,5,5,4,5,3,3,1,5,4,1,2,4,1,6,2,7,10,9,87,161,85,98,457,,2023-05-26 13:10:49,1,0,7,7,0,0,0.9,4
140,"anonymous",,"Frag1","interview",2023-05-26 13:03:39,2,33,7,,2,-1,1,4,4,5,5,5,2,3,4,3,4,1,5,3,5,3,1,3,4,3,2,1,1,1,1,6,3,6,5,6,4,5,5,5,5,5,3,1,3,2,4,1,1,3,1,4,1,15,9,8,41,53,29,39,194,,2023-05-26 13:06:53,1,0,7,7,0,0,1.47,27
142,"anonymous",,"Frag1","interview",2023-05-26 13:03:52,2,25,7,,1,2,1,5,5,4,3,4,3,4,4,4,4,3,5,4,3,4,1,4,5,2,2,3,2,3,3,6,4,4,5,3,3,5,5,5,5,6,3,2,6,6,3,1,2,4,5,5,5,30,10,11,93,96,63,61,364,,2023-05-26 13:09:56,1,0,7,7,0,0,0.89,4
144,"anonymous",,"Frag1","interview",2023-05-26 13:04:51,2,22,7,,2,-1,2,5,4,4,4,4,4,4,2,3,3,4,5,5,3,4,2,4,5,4,3,3,2,4,4,6,6,4,4,5,5,5,5,5,6,6,3,3,5,4,5,2,5,5,4,6,4,8,13,9,74,101,48,54,307,,2023-05-26 13:09:58,1,0,7,7,0,0,1.05,5
146,"anonymous",,"Frag1","interview",2023-05-26 13:08:23,2,22,7,,1,-1,2,4,3,4,4,4,2,4,4,3,3,3,4,4,3,2,2,4,5,2,3,4,2,4,2,3,3,3,3,2,2,4,4,2,4,3,3,5,2,2,4,5,5,5,5,5,5,11,8,9,49,63,37,44,221,,2023-05-26 13:12:04,1,0,7,7,0,0,1.35,20
147,"anonymous",,"Frag1","interview",2023-05-26 13:11:01,2,25,8,,1,-1,2,2,3,1,5,2,4,2,1,3,2,1,2,6,6,6,5,5,6,6,6,4,5,6,5,5,5,5,3,5,6,5,3,3,4,4,4,5,2,5,5,3,6,6,6,2,6,65,51,44,68,52,55,43,320,,2023-05-26 13:17:19,1,0,7,7,0,0,0.84,9
150,"anonymous",,"Frag1","interview",2023-05-26 13:12:07,1,25,8,,1,-1,2,3,4,4,4,3,2,3,4,2,3,3,4,4,3,4,2,3,3,4,3,3,2,4,3,4,2,3,3,3,3,4,4,3,3,4,4,4,6,4,4,4,4,4,3,6,3,4,19,12,67,73,50,73,298,,2023-05-26 13:17:05,1,0,7,7,0,0,1.09,7
151,"anonymous",,"Frag1","interview",2023-05-26 13:12:13,2,21,8,,3,-1,2,5,5,4,5,5,5,5,4,5,5,4,4,1,2,1,1,5,5,2,1,2,6,6,5,3,3,3,3,4,2,6,2,5,1,6,5,5,4,2,3,3,5,3,6,2,5,7,10,11,50,54,16,10,158,,2023-05-26 13:14:51,1,0,7,7,0,0,1.77,69
153,"anonymous",,"Frag1","interview",2023-05-26 13:12:50,2,22,7,,1,-1,2,5,5,5,4,4,3,4,4,3,4,4,4,2,3,4,1,4,4,1,2,4,4,4,3,5,5,4,5,4,4,6,5,5,6,5,2,3,5,1,5,3,3,5,2,5,4,2,11,10,90,119,107,132,471,,2023-05-26 13:20:41,1,0,7,7,0,0,1.13,20
154,"anonymous",,"Frag1","interview",2023-05-26 13:12:51,2,22,7,,3,1,1,4,3,5,3,1,3,3,4,2,3,1,4,4,2,3,2,4,5,6,4,3,3,3,5,6,6,4,2,4,5,5,5,6,6,6,4,1,3,4,5,4,4,6,5,6,5,5,10,10,57,61,48,50,241,,2023-05-26 13:16:52,1,0,7,7,0,0,1.29,14
156,"anonymous",,"Frag1","interview",2023-05-26 13:13:11,2,24,8,,1,1,1,4,4,3,4,4,2,4,2,3,3,3,2,3,4,5,2,6,5,4,5,3,4,4,4,5,5,6,4,4,5,5,5,5,6,5,2,6,5,5,6,1,6,4,2,6,1,7,12,8,57,55,38,45,222,,2023-05-26 13:16:53,1,0,7,7,0,0,1.32,16
157,"anonymous",,"Frag1","interview",2023-05-26 13:13:16,2,26,7,,1,-1,1,4,4,3,4,4,4,4,3,2,3,3,4,4,5,4,2,6,6,5,5,5,2,5,3,6,5,5,5,4,3,5,5,6,6,6,3,3,3,5,5,1,4,2,2,5,1,19,15,11,79,85,80,107,396,,2023-05-26 13:19:52,1,0,7,7,0,0,0.78,0
159,"anonymous",,"Frag1","interview",2023-05-26 13:14:25,2,21,7,,3,-1,2,4,4,4,4,3,4,3,2,4,4,1,5,3,2,4,1,4,4,2,2,5,2,3,2,5,3,3,4,4,4,5,5,4,4,4,3,2,3,2,3,1,3,4,4,4,3,22,18,17,89,132,105,120,503,,2023-05-26 13:22:48,1,0,7,7,0,0,0.61,0
160,"anonymous",,"Frag1","interview",2023-05-26 13:16:26,2,26,8,,1,-1,2,3,4,4,3,1,1,4,2,1,3,3,4,4,5,4,2,5,5,4,4,3,5,4,3,6,6,4,4,3,3,5,4,4,4,6,2,2,2,2,5,2,4,4,4,3,4,2,7,9,35,45,26,47,171,,2023-05-26 13:19:17,1,0,7,7,0,0,1.95,51
162,"anonymous",,"Frag1","interview",2023-05-26 13:18:46,2,23,8,,1,-1,2,4,2,4,3,5,5,4,5,2,1,2,3,5,5,6,3,6,6,2,4,6,5,4,4,6,6,6,5,4,6,5,6,6,6,6,6,4,6,6,5,3,5,6,6,6,4,8,14,10,92,73,39,57,293,,2023-05-26 13:23:39,1,0,7,7,0,0,1.07,6
164,"anonymous",,"Frag1","interview",2023-05-26 13:19:12,2,22,8,,1,-1,2,4,5,4,4,4,2,3,2,2,4,2,5,3,4,4,1,4,5,1,1,2,1,5,4,5,4,6,5,2,2,5,3,3,4,6,2,4,6,5,5,1,3,5,2,6,2,3,14,9,42,76,39,96,279,,2023-05-26 13:23:51,1,0,7,7,0,0,1.34,19
165,"anonymous",,"Frag1","interview",2023-05-26 13:19:28,2,27,8,,1,2,1,5,5,3,4,4,2,4,2,3,4,1,4,4,2,2,1,5,6,2,4,2,3,6,5,6,6,5,5,4,6,6,6,5,5,6,4,6,5,3,6,1,6,6,3,6,5,8,14,8,58,57,42,59,246,,2023-05-26 13:23:34,1,0,7,7,0,0,1.19,10
166,"anonymous",,"Frag1","interview",2023-05-26 13:20:00,2,23,7,,1,-1,2,4,3,3,2,2,2,3,3,2,1,4,5,4,3,3,1,3,4,4,2,2,4,3,4,6,6,4,4,5,6,4,5,3,5,6,3,6,3,6,5,4,6,4,3,3,2,28,20,12,84,82,53,78,357,,2023-05-26 13:25:57,1,0,7,7,0,0,0.8,0
168,"anonymous",,"Frag1","interview",2023-05-26 13:21:53,2,21,7,,3,-1,1,4,4,2,3,2,3,4,4,3,4,2,2,5,5,4,2,5,5,4,3,4,5,5,3,6,5,5,5,4,4,5,3,4,5,5,4,3,5,4,5,2,3,6,4,5,4,5,12,10,124,122,81,288,642,,2023-05-26 13:32:35,1,0,7,7,0,0,0.83,5
169,"anonymous",,"Frag1","interview",2023-05-26 13:21:56,1,21,7,,1,-1,2,5,3,4,2,2,1,3,4,3,4,3,4,3,2,5,3,4,5,4,1,2,3,1,3,6,6,5,1,6,6,4,2,6,4,6,4,1,6,6,5,4,5,5,4,6,4,9,15,8,64,88,35,47,266,,2023-05-26 13:26:22,1,0,7,7,0,0,1.16,10
171,"anonymous",,"Frag1","interview",2023-05-26 13:22:23,1,22,7,,3,-1,1,5,5,5,4,4,4,4,4,3,4,3,4,4,4,5,2,5,5,3,4,4,4,2,4,6,6,5,5,4,4,4,4,5,5,6,4,6,6,6,6,4,6,6,4,6,4,10,14,8,52,67,44,51,246,,2023-05-26 13:26:29,1,0,7,7,0,0,1.17,11
172,"anonymous",,"Frag1","interview",2023-05-26 13:26:28,1,32,8,,1,-1,2,4,4,5,3,3,2,4,5,4,5,1,4,4,5,5,1,6,6,5,1,1,3,5,4,6,6,5,5,5,6,6,2,4,5,6,2,5,5,3,5,5,5,6,4,6,1,14,6,11,57,70,43,43,244,,2023-05-26 13:30:32,1,0,7,7,0,0,1.31,20
173,"anonymous",,"Frag1","interview",2023-05-26 13:27:59,2,27,7,,2,-1,1,4,3,3,4,4,2,4,2,1,3,2,4,6,5,5,4,5,5,3,4,5,3,5,3,5,6,4,4,5,5,5,6,5,6,5,4,4,3,2,6,2,4,3,3,3,2,9,13,9,54,64,39,58,246,,2023-05-26 13:32:06,1,0,7,7,0,0,1.18,10
174,"anonymous",,"Frag1","interview",2023-05-26 13:28:24,1,24,8,,1,-1,2,3,3,5,4,4,1,5,3,2,2,3,2,4,4,5,1,4,6,2,3,4,3,5,3,5,4,6,5,4,4,5,5,4,4,5,3,3,6,5,2,3,3,4,2,6,2,2,46,10,54,62,50,60,284,,2023-05-26 13:33:08,1,0,7,7,0,0,1.32,24
176,"anonymous",,"Frag1","interview",2023-05-26 13:29:57,2,23,7,,1,-1,2,4,5,2,5,2,2,3,2,2,3,4,1,6,6,6,3,5,5,5,4,5,3,5,4,5,5,2,2,4,6,6,5,4,5,5,6,4,5,3,2,4,5,5,5,5,2,5,17,14,97,78,70,78,359,,2023-05-26 13:35:56,1,0,7,7,0,0,0.92,3
177,"anonymous",,"Frag1","interview",2023-05-26 13:30:09,2,29,8,,1,-1,1,2,5,3,3,2,3,4,3,3,2,2,4,4,4,5,4,5,5,4,5,3,3,4,4,5,6,5,3,5,5,6,5,5,6,5,4,5,4,3,5,3,3,4,4,5,2,3,20,7,59,91,69,42,291,,2023-05-26 13:35:00,1,0,7,7,0,0,1.29,18
178,"anonymous",,"Frag1","interview",2023-05-26 13:30:11,2,20,7,,1,-1,2,2,4,4,4,4,4,4,4,4,2,2,4,5,4,6,2,6,5,4,4,6,5,5,4,4,5,2,2,1,2,5,3,4,4,2,3,3,4,5,5,2,3,4,3,5,3,4,13,8,68,64,48,63,268,,2023-05-26 13:34:39,1,0,7,7,0,0,1.25,12
183,"anonymous",,"Frag1","interview",2023-05-26 13:32:45,2,20,7,,1,-1,2,4,4,4,4,3,2,3,2,2,3,4,4,5,4,4,2,5,6,1,3,3,2,5,4,4,4,3,3,4,4,4,3,4,5,4,4,6,6,5,4,2,6,5,4,5,4,8,15,12,75,102,62,442,342,,2023-05-26 13:44:41,1,0,7,7,0,0,0.79,0
184,"anonymous",,"Frag1","interview",2023-05-26 13:33:01,2,22,7,,1,-1,2,4,4,3,4,3,1,5,4,3,3,4,3,5,4,5,1,4,5,3,4,4,2,4,3,5,3,6,4,3,4,6,5,3,5,4,3,2,4,3,5,4,3,2,6,5,4,20,47,14,87,125,124,115,532,,2023-05-26 13:41:53,1,0,7,7,0,0,0.56,0
185,"anonymous",,"Frag1","interview",2023-05-26 13:36:51,3,21,7,,3,-1,2,5,5,5,4,4,3,5,5,3,4,5,3,3,5,4,1,4,5,2,5,3,4,2,4,5,3,4,4,3,3,6,5,5,5,5,6,5,6,5,5,2,4,5,5,6,4,2,7,7,50,93,52,51,262,,2023-05-26 13:41:13,1,0,7,7,0,0,1.61,35
187,"anonymous",,"Frag1","interview",2023-05-26 13:38:33,2,21,7,,3,-1,2,5,5,5,4,4,4,4,3,3,4,5,4,3,4,5,1,5,5,4,5,3,4,4,1,4,3,5,5,5,4,6,5,4,5,5,2,5,3,5,6,3,6,6,5,4,1,12,16,9,69,84,61,67,318,,2023-05-26 13:43:51,1,0,7,7,0,0,0.94,1
189,"anonymous",,"Frag1","interview",2023-05-26 13:41:35,2,24,8,,1,-1,2,4,5,5,5,4,5,5,4,3,4,3,2,5,4,5,1,6,6,5,5,4,5,6,5,6,6,5,6,4,5,6,5,6,6,6,5,6,6,6,2,1,5,6,4,5,2,5,18,13,49,59,31,43,218,,2023-05-26 13:45:13,1,0,7,7,0,0,1.32,19
190,"anonymous",,"Frag1","interview",2023-05-26 13:42:24,2,24,8,,1,-1,2,3,4,5,5,5,2,4,3,2,2,2,4,3,5,3,3,5,5,6,2,2,2,3,5,6,4,4,5,2,6,6,6,5,3,6,2,3,2,1,4,2,4,2,2,6,2,24,16,12,84,99,60,75,370,,2023-05-26 13:48:34,1,0,7,7,0,0,0.8,0
191,"anonymous",,"Frag1","interview",2023-05-26 13:42:51,2,24,7,,1,-1,2,5,3,4,4,3,4,4,2,2,4,1,2,3,4,4,6,5,5,3,5,5,1,6,6,6,5,6,2,6,4,6,5,6,6,6,4,4,5,6,4,1,4,6,4,6,4,7,16,12,117,187,76,160,575,,2023-05-26 13:52:26,1,0,7,7,0,0,0.71,0
192,"anonymous",,"Frag1","interview",2023-05-26 13:44:38,2,30,8,,1,-1,2,5,5,5,5,5,5,5,5,2,4,2,4,1,5,6,1,6,6,3,2,4,1,5,4,6,6,5,6,5,5,6,5,6,4,6,5,3,6,5,3,1,4,4,3,5,3,16,19,24,75,81,54,73,342,,2023-05-26 13:50:20,1,0,7,7,0,0,0.79,0
193,"anonymous",,"Frag1","interview",2023-05-26 13:45:20,2,22,7,,1,-1,2,4,5,5,3,4,3,3,4,4,4,1,5,3,4,3,1,4,5,3,4,4,2,5,3,4,5,4,3,3,5,5,4,5,4,5,6,5,6,6,5,2,5,4,4,6,4,8,20,12,111,164,113,84,512,,2023-05-26 13:53:52,1,0,7,7,0,0,0.7,0
194,"anonymous",,"Frag1","interview",2023-05-26 13:47:45,2,25,7,,3,-1,2,5,4,4,5,2,3,4,3,4,5,4,3,4,4,5,3,4,4,4,4,5,4,3,3,3,4,4,3,3,3,5,3,4,5,5,4,3,5,3,5,4,4,6,5,5,6,5,17,6,41,42,39,35,185,,2023-05-26 13:50:50,1,0,7,7,0,0,1.57,29
196,"anonymous",,"Frag1","interview",2023-05-26 13:54:11,2,22,8,,1,-1,2,4,4,4,4,3,3,3,2,2,3,2,4,4,5,6,2,5,5,4,4,3,3,3,4,4,4,5,4,4,3,5,5,4,4,4,2,2,5,2,3,2,2,5,5,3,3,14,13,8,487,66,53,53,277,,2023-05-26 14:05:45,1,0,7,7,0,0,0.95,7
197,"anonymous",,"Frag1","interview",2023-05-26 13:56:35,2,21,7,,1,-1,2,5,4,3,2,4,1,4,4,2,1,3,1,6,4,4,2,4,5,6,4,2,6,6,6,4,5,1,2,3,2,6,6,5,6,5,1,2,1,2,4,2,2,6,4,5,3,14,17,49,84,80,49,65,358,,2023-05-26 14:02:33,1,0,7,7,0,0,0.81,2
198,"anonymous",,"Frag1","interview",2023-05-26 14:00:00,2,21,7,,1,-1,2,5,4,5,4,3,3,4,4,5,5,2,2,2,2,3,1,4,5,5,1,2,3,2,3,6,5,4,2,3,2,5,4,4,5,6,3,3,4,6,6,2,4,6,2,5,2,19,14,7,57,66,50,51,264,,2023-05-26 14:04:24,1,0,7,7,0,0,1.11,10
199,"anonymous",,"Frag1","interview",2023-05-26 14:00:03,2,22,9,"A-Levels",1,-1,2,4,4,5,3,2,4,4,3,2,3,4,5,4,5,5,2,4,5,2,4,2,2,3,4,6,6,4,5,5,6,6,6,6,4,6,3,3,5,3,2,3,4,4,3,5,2,14,28,13,75,109,61,84,384,,2023-05-26 14:06:27,1,0,7,7,0,0,0.75,0
200,"anonymous",,"Frag1","interview",2023-05-26 14:00:14,2,26,8,,3,-1,1,4,2,3,2,4,4,5,2,2,4,2,3,5,6,6,5,5,6,6,5,5,6,6,6,6,5,5,6,6,6,5,6,6,6,6,5,4,6,4,6,6,5,6,4,6,6,7,16,9,69,55,42,56,254,,2023-05-26 14:04:28,1,0,7,7,0,0,1.16,8
201,"anonymous",,"Frag1","interview",2023-05-26 14:00:15,2,24,7,,1,-1,2,3,4,2,5,2,2,4,1,3,3,2,2,5,5,6,3,5,6,2,4,5,4,6,6,5,4,4,5,5,4,5,6,5,4,5,2,1,6,5,5,3,1,1,2,6,3,5,14,6,58,49,31,52,215,,2023-05-26 14:03:50,1,0,7,7,0,0,1.45,22
202,"anonymous",,"Frag1","interview",2023-05-26 14:00:41,2,28,8,,1,-1,2,3,5,4,3,2,2,3,2,3,4,3,4,4,4,3,2,4,5,3,3,3,3,3,3,5,4,4,5,4,4,4,3,4,4,5,3,6,3,3,3,2,5,5,4,5,2,10,20,11,67,79,56,56,299,,2023-05-26 14:05:40,1,0,7,7,0,0,0.95,2
203,"anonymous",,"Frag1","interview",2023-05-26 14:07:17,2,24,8,,1,-1,1,4,4,5,3,2,2,3,3,2,3,2,3,5,4,5,5,5,5,4,4,4,2,5,4,5,5,5,4,3,4,6,6,5,6,5,4,6,5,5,6,1,6,4,1,5,1,6,16,23,70,73,56,69,313,,2023-05-26 14:12:30,1,0,7,7,0,0,0.95,2
207,"anonymous",,"Frag1","interview",2023-05-26 14:13:04,2,23,8,,3,-1,2,5,3,4,5,3,3,4,3,3,4,3,4,3,5,4,3,4,5,3,3,5,4,5,4,6,5,4,5,4,5,5,5,5,5,6,4,3,5,2,3,1,4,4,3,5,3,3,12,10,63,68,42,61,259,,2023-05-26 14:17:23,1,0,7,7,0,0,1.34,17
208,"anonymous",,"Frag1","interview",2023-05-26 14:16:27,2,20,7,,2,-1,1,5,4,4,5,3,4,4,2,1,2,2,5,4,1,4,3,4,6,2,5,3,4,5,3,5,1,1,5,2,1,6,5,4,5,4,3,4,3,6,3,5,5,6,5,6,2,7,9,9,70,82,49,69,295,,2023-05-26 14:21:22,1,0,7,7,0,0,1.13,7
210,"anonymous",,"Frag1","interview",2023-05-26 14:22:46,2,22,7,,1,-1,2,5,5,5,4,5,5,5,3,2,4,3,5,4,3,5,1,6,6,3,5,5,5,6,5,6,6,4,3,4,5,5,4,4,5,6,4,5,4,2,5,4,5,5,4,6,4,2,8,9,56,73,51,56,255,,2023-05-26 14:27:01,1,0,7,7,0,0,1.53,30
211,"anonymous",,"Frag1","interview",2023-05-26 14:23:36,2,23,8,,3,-1,2,5,3,5,5,2,3,3,4,3,3,4,4,4,5,6,2,5,5,3,3,4,2,5,2,6,4,3,5,4,3,5,5,5,6,5,3,3,5,4,4,5,4,5,3,5,4,6,8,8,61,83,55,70,291,,2023-05-26 14:28:27,1,0,7,7,0,0,1.2,10
213,"anonymous",,"Frag1","interview",2023-05-26 14:27:47,2,21,7,,1,-1,1,4,5,4,3,3,3,4,3,2,4,4,4,3,5,4,2,5,5,4,3,4,3,5,4,5,6,5,4,4,6,4,5,4,5,4,4,4,4,5,5,2,4,5,3,3,2,5,13,13,71,123,64,78,367,,2023-05-26 14:33:54,1,0,7,7,0,0,0.96,4
215,"anonymous",,"Frag1","interview",2023-05-26 14:33:41,2,22,7,,2,-1,1,5,4,4,5,5,5,4,5,5,5,1,2,4,6,6,1,6,6,5,6,5,3,6,4,4,1,1,4,3,1,6,6,6,6,2,5,5,6,6,6,5,2,6,6,6,6,40,13,8,46,56,42,82,287,,2023-05-26 14:38:28,1,0,7,7,0,0,1.11,12
216,"anonymous",,"Frag1","interview",2023-05-26 14:36:57,2,19,7,,2,-1,2,4,5,4,4,4,4,4,5,4,3,4,4,2,4,4,2,5,6,3,2,3,4,5,4,5,3,5,5,4,3,5,5,5,6,5,5,5,6,3,6,3,4,4,3,5,3,7,19,13,98,113,136,95,481,,2023-05-26 14:44:58,1,0,7,7,0,0,0.73,0
219,"anonymous",,"Frag1","interview",2023-05-26 14:38:41,2,22,7,,1,-1,1,5,2,2,3,2,2,4,1,2,3,2,3,5,4,5,4,5,3,5,5,5,5,3,4,3,4,5,2,4,4,6,5,2,3,6,5,2,1,3,5,6,5,5,6,5,5,65,18,29,114,22,22,27,239,,2023-05-26 14:43:38,1,0,7,7,0,0,1.42,42
220,"anonymous",,"Frag1","interview",2023-05-26 14:40:02,2,27,8,,2,-1,2,4,5,4,4,4,4,4,3,4,3,4,2,4,4,4,2,3,4,4,4,2,2,3,3,2,2,5,3,3,3,5,4,5,4,3,2,3,3,3,4,3,3,3,3,4,2,6,14,8,78,86,63,86,341,,2023-05-26 14:45:43,1,0,7,7,0,0,1,3
221,"anonymous",,"Frag1","interview",2023-05-26 14:42:40,1,25,7,,1,-1,1,5,5,5,5,3,4,4,3,4,4,3,4,1,1,2,2,2,5,4,2,3,3,3,2,6,3,4,3,5,5,5,4,3,2,6,4,5,5,4,4,1,5,6,5,6,4,14,11,11,66,79,63,91,335,,2023-05-26 14:48:15,1,0,7,7,0,0,0.93,3
224,"anonymous",,"Frag1","interview",2023-05-26 14:48:04,2,22,8,,1,-1,2,4,5,4,5,1,1,4,4,1,3,2,2,3,6,4,3,6,6,5,3,4,2,3,3,5,4,5,4,1,2,5,4,5,5,5,2,3,5,2,1,1,4,6,3,5,1,8,17,12,80,69,46,68,300,,2023-05-26 14:53:04,1,0,7,7,0,0,0.98,3
225,"anonymous",,"Frag1","interview",2023-05-26 14:48:26,2,28,7,,2,-1,2,4,5,5,5,3,4,3,2,2,2,3,5,5,4,4,2,5,3,4,1,2,2,5,2,5,6,4,3,5,4,5,5,5,6,6,3,5,3,4,4,3,5,5,4,5,3,7,17,15,117,235,85,150,626,,2023-05-26 14:58:52,1,0,7,7,0,0,0.66,0
226,"anonymous",,"Frag1","interview",2023-05-26 14:54:24,2,23,7,,1,2,1,5,4,4,5,4,3,3,4,4,4,4,4,2,2,3,1,4,5,1,1,3,2,6,4,3,4,2,6,4,4,5,5,5,4,4,4,3,5,6,3,4,3,5,5,5,6,7,11,14,54,52,41,43,222,,2023-05-26 14:58:06,1,0,7,7,0,0,1.27,16
228,"anonymous",,"Frag1","interview",2023-05-26 14:57:00,1,23,7,,1,-1,2,4,4,5,5,3,3,4,4,3,4,3,5,2,3,5,2,4,5,5,3,4,2,3,3,6,4,4,5,3,4,4,5,5,5,6,4,6,3,4,4,4,5,5,4,6,4,5,75,13,84,120,72,88,457,,2023-05-26 15:04:37,1,0,7,7,0,0,0.78,3
229,"anonymous",,"Frag1","interview",2023-05-26 14:57:02,2,25,7,,1,2,1,5,4,5,5,4,3,5,4,4,5,2,2,5,4,4,2,3,5,3,4,3,6,4,3,5,3,4,3,4,4,4,3,4,5,6,5,5,5,3,4,3,3,6,4,6,3,5,18,12,68,70,62,76,311,,2023-05-26 15:02:13,1,0,7,7,0,0,1.01,4
231,"anonymous",,"Frag1","interview",2023-05-26 15:03:27,2,21,7,,3,-1,2,4,5,3,3,3,2,4,4,2,4,1,2,5,4,5,2,2,6,2,3,4,5,4,4,5,5,3,5,3,2,5,4,6,6,5,3,5,6,5,5,4,5,4,4,5,3,26,12,10,93,106,68,77,392,,2023-05-26 15:09:59,1,0,7,7,0,0,0.82,2
232,"anonymous",,"Frag1","interview",2023-05-26 15:06:05,1,24,8,,1,-1,2,4,5,4,4,3,4,5,3,2,5,3,4,4,4,4,1,5,4,2,3,5,1,3,3,5,5,2,4,4,3,4,4,4,4,5,4,4,4,4,4,3,4,4,4,5,2,4,9,8,49,69,43,50,232,,2023-05-26 15:09:57,1,0,7,7,0,0,1.42,21
233,"anonymous",,"Frag1","interview",2023-05-26 15:06:25,2,24,8,,2,-1,1,5,4,5,3,2,2,4,1,2,3,2,2,5,4,4,1,4,5,2,3,2,6,4,5,5,5,3,5,3,3,4,4,5,5,5,2,4,3,5,4,2,5,4,4,4,2,3,15,9,79,85,55,80,326,,2023-05-26 15:11:51,1,0,7,7,0,0,1.17,10
235,"anonymous",,"Frag1","interview",2023-05-26 15:09:41,2,24,7,,1,-1,2,4,5,5,4,5,4,3,5,1,5,4,4,3,3,3,1,3,3,5,2,5,2,5,3,6,4,5,5,5,6,5,5,4,4,6,4,2,5,2,5,2,3,4,5,5,4,11,12,10,62,117,57,61,330,,2023-05-26 15:15:11,1,0,7,7,0,0,0.97,4
236,"anonymous",,"Frag1","interview",2023-05-26 15:12:18,2,24,7,,3,1,1,4,4,2,4,2,2,3,2,3,4,4,4,2,2,3,1,4,5,4,2,1,4,5,4,6,6,4,5,5,6,6,4,4,5,6,1,3,4,5,6,4,4,6,6,6,5,13,10,9,76,109,74,86,377,,2023-05-26 15:18:35,1,0,7,7,0,0,0.91,4
239,"anonymous",,"Frag1","interview",2023-05-26 15:14:48,2,21,7,,1,-1,2,5,5,5,3,4,4,5,4,3,4,3,4,4,5,4,1,5,4,4,3,4,4,4,3,5,6,6,4,4,5,6,6,6,6,6,5,5,4,4,5,2,6,4,2,5,3,5,14,8,65,96,67,79,334,,2023-05-26 15:20:22,1,0,7,7,0,0,1.05,6
240,"anonymous",,"Frag1","interview",2023-05-26 15:15:02,2,20,7,,2,-1,2,5,5,1,5,3,3,4,4,2,4,3,2,6,4,5,2,4,4,4,3,5,5,5,4,5,5,4,3,2,4,5,4,5,6,6,5,4,4,4,4,4,5,5,5,6,5,4,19,13,66,82,50,61,295,,2023-05-26 15:19:58,1,0,7,7,0,0,1.09,7
241,"anonymous",,"Frag1","interview",2023-05-26 15:17:37,2,23,7,,1,-1,1,4,5,5,4,3,4,4,4,3,3,3,4,3,3,3,1,4,4,1,4,4,3,2,2,3,3,2,3,2,3,5,5,4,5,3,4,4,6,3,5,2,4,5,4,6,3,23,14,10,64,68,54,135,368,,2023-05-26 15:23:45,1,0,7,7,0,0,0.89,3
243,"anonymous",,"Frag1","interview",2023-05-26 15:20:13,2,31,8,,1,-1,2,5,2,4,3,4,5,4,4,3,3,2,4,5,5,6,2,6,6,5,5,4,5,6,4,6,6,6,6,6,5,6,6,5,6,6,4,6,3,3,6,1,6,4,2,6,2,4,13,10,73,68,36,47,251,,2023-05-26 15:24:24,1,0,7,7,0,0,1.3,15
244,"anonymous",,"Frag1","interview",2023-05-26 15:20:36,2,24,8,,3,-1,2,4,5,5,5,3,4,4,4,3,3,3,3,4,4,4,1,5,5,3,4,4,2,5,3,4,2,3,5,3,5,5,4,4,4,3,5,5,5,5,5,2,5,5,3,4,3,16,53,10,71,77,54,64,345,,2023-05-26 15:26:21,1,0,7,7,0,0,0.84,1
245,"anonymous",,"Frag1","interview",2023-05-26 15:21:40,1,23,8,,3,-1,2,5,5,3,5,4,3,4,4,5,5,4,5,3,2,4,3,6,6,4,4,5,3,4,3,6,5,4,2,6,6,5,5,5,6,6,5,3,4,5,5,2,4,6,5,5,4,3,10,9,69,83,64,66,304,,2023-05-26 15:26:44,1,0,7,7,0,0,1.27,14
247,"anonymous",,"Frag1","interview",2023-05-26 15:24:05,1,22,7,,1,-1,1,4,4,4,3,4,3,4,3,3,4,3,4,4,4,5,3,5,5,4,4,3,5,2,3,6,6,5,5,6,6,5,5,6,6,6,3,5,1,1,3,3,5,5,4,6,3,6,18,10,54,63,37,44,232,,2023-05-26 15:27:57,1,0,7,7,0,0,1.24,13
248,"anonymous",,"Frag1","interview",2023-05-26 15:24:09,2,25,8,,2,-1,2,4,5,5,4,4,3,4,4,3,5,3,4,2,5,4,1,5,6,4,3,4,2,4,2,6,5,5,5,5,5,5,6,6,5,6,5,5,6,6,4,4,3,4,2,5,2,4,16,9,85,156,70,213,553,,2023-05-26 15:33:22,1,0,7,7,0,0,0.9,6
249,"anonymous",,"Frag1","interview",2023-05-26 15:24:47,2,22,7,,1,-1,1,3,2,4,2,2,2,3,3,4,4,2,4,5,3,5,3,5,4,5,4,5,3,4,4,5,3,5,4,4,4,5,6,5,6,5,2,6,6,2,4,1,6,6,6,4,5,15,12,9,62,49,44,47,238,,2023-05-26 15:28:46,1,0,7,7,0,0,1.2,14
251,"anonymous",,"Frag1","interview",2023-05-26 15:33:37,2,26,8,,1,-1,1,4,5,2,5,4,5,2,3,1,5,2,5,6,2,5,2,6,6,2,5,5,6,6,6,5,6,5,1,2,2,5,1,5,6,6,5,1,6,6,6,5,5,5,6,5,2,3,14,12,136,155,85,48,453,,2023-05-26 15:41:10,1,0,7,7,0,0,1.05,13
252,"anonymous",,"Frag1","interview",2023-05-26 15:34:06,2,21,7,,1,-1,2,5,5,5,5,4,4,3,4,3,5,4,5,4,4,4,1,5,5,1,4,5,4,1,4,6,3,3,2,5,4,6,5,6,4,6,5,6,5,5,5,2,6,4,5,6,2,14,19,12,66,92,54,74,331,,2023-05-26 15:39:37,1,0,7,7,0,0,0.86,1
255,"anonymous",,"Frag1","interview",2023-05-26 15:43:42,1,27,7,,2,-1,2,4,4,5,4,5,5,3,5,5,3,2,5,1,2,5,1,4,6,2,2,1,1,3,1,4,3,2,3,3,3,6,4,6,3,6,5,6,6,3,4,1,6,2,3,3,2,14,20,17,66,67,48,63,295,,2023-05-26 15:48:37,1,0,7,7,0,0,0.91,4
256,"anonymous",,"Frag1","interview",2023-05-26 15:44:59,2,19,7,,3,-1,2,5,4,5,5,3,4,4,3,2,5,3,3,5,4,5,3,6,6,4,4,2,5,3,4,4,5,5,3,5,5,4,2,4,6,6,4,5,5,5,6,4,6,4,5,6,6,18,17,15,66,81,66,60,323,,2023-05-26 15:50:22,1,0,7,7,0,0,0.86,2
257,"anonymous",,"Frag1","interview",2023-05-26 15:46:51,2,24,7,,1,-1,2,5,5,5,5,5,5,5,4,4,4,1,3,4,5,6,1,6,6,3,6,3,6,5,2,6,6,5,6,6,5,6,6,6,4,6,6,6,4,5,6,1,6,1,3,6,3,9,15,8,58,70,49,67,276,,2023-05-26 15:51:27,1,0,7,7,0,0,1.08,6
258,"anonymous",,"Frag1","interview",2023-05-26 15:47:10,1,20,7,,3,-1,2,5,5,5,5,4,4,4,3,2,5,5,5,4,2,2,1,5,5,3,2,1,1,1,1,6,4,4,5,4,3,6,2,3,2,4,2,5,6,6,3,1,3,6,4,4,2,3,15,11,101,87,60,72,349,,2023-05-26 15:52:59,1,0,7,7,0,0,1.11,10
259,"anonymous",,"Frag1","interview",2023-05-26 15:47:17,2,33,8,,1,-1,1,3,5,5,3,4,4,4,2,3,2,2,3,4,4,5,3,5,5,4,2,3,5,5,5,5,5,5,5,4,5,5,5,4,5,5,1,2,4,3,4,4,2,2,4,4,2,6,14,12,68,67,51,62,280,,2023-05-26 15:51:57,1,0,7,7,0,0,1.08,5
260,"anonymous",,"Frag1","interview",2023-05-26 15:49:42,2,22,7,,1,-1,1,4,3,3,4,2,2,4,3,2,2,2,2,4,3,4,2,4,5,4,4,5,4,4,4,5,4,5,3,3,4,5,4,4,5,4,3,2,3,2,5,2,3,4,4,5,5,143,14,11,56,83,78,68,317,,2023-05-26 15:57:15,1,0,7,7,0,0,0.86,2
261,"anonymous",,"Frag1","interview",2023-05-26 15:50:47,2,23,7,,1,-1,1,4,4,4,4,3,4,4,4,1,3,3,3,4,4,4,1,4,4,3,4,3,2,4,4,6,5,6,5,4,5,5,4,5,5,6,3,3,3,4,6,3,4,4,3,5,3,11,14,21,125,94,65,83,413,,2023-05-26 15:57:40,1,0,7,7,0,0,0.76,1
262,"anonymous",,"Frag1","interview",2023-05-26 15:57:08,2,20,7,,1,-1,2,5,5,4,4,4,4,2,4,4,5,2,5,3,3,4,3,6,6,3,2,4,3,4,2,6,4,5,5,4,6,5,4,4,5,6,3,4,5,5,5,3,2,4,4,5,4,24,22,17,117,204,54,129,567,,2023-05-26 16:06:35,1,0,7,7,0,0,0.59,0
263,"anonymous",,"Frag1","interview",2023-05-26 15:59:55,2,20,7,,1,-1,2,5,4,2,4,3,3,4,4,2,4,4,3,4,3,4,3,6,4,5,3,4,4,5,2,6,6,5,5,5,6,6,5,4,6,6,4,4,4,3,6,3,5,6,6,6,4,12,63,8,41,155,38,47,364,,2023-05-26 16:05:59,1,0,7,7,0,0,1.03,13
264,"anonymous",,"Frag1","interview",2023-05-26 16:03:13,1,19,7,,1,-1,2,2,3,2,4,1,2,4,1,2,2,1,3,4,3,5,2,5,5,2,2,3,2,4,2,5,4,6,4,4,5,2,5,5,5,6,1,6,6,4,2,1,6,5,4,6,4,2,12,8,40,49,37,41,189,,2023-05-26 16:06:22,1,0,7,7,0,0,1.73,40
265,"anonymous",,"Frag1","interview",2023-05-26 16:05:58,1,21,8,,1,-1,2,4,5,5,3,2,3,3,2,3,3,1,4,2,2,6,2,5,5,1,1,2,2,4,3,6,4,4,4,4,3,6,3,3,4,6,2,6,6,1,1,2,6,5,3,6,5,13,21,32,116,160,95,79,516,,2023-05-26 16:14:34,1,0,7,7,0,0,0.59,0
267,"anonymous",,"Frag1","interview",2023-05-26 16:07:12,1,21,7,,3,-1,2,4,4,4,5,3,3,3,2,3,5,3,4,4,3,4,1,5,5,3,4,4,2,3,3,6,6,5,5,5,6,4,5,6,6,6,3,3,6,4,6,2,4,5,4,5,5,18,26,11,138,178,76,107,554,,2023-05-26 16:16:26,1,0,7,7,0,0,0.6,0
270,"anonymous",,"Frag1","interview",2023-05-26 16:15:11,1,21,7,,2,-1,2,5,5,5,5,5,4,4,5,3,5,5,5,2,2,6,1,6,5,4,2,2,2,6,3,6,6,4,4,4,6,6,6,6,6,6,6,6,6,1,3,3,5,6,4,6,4,15,21,10,64,87,71,88,356,,2023-05-26 16:21:07,1,0,7,7,0,0,0.83,1
273,"anonymous",,"Frag1","interview",2023-05-26 16:23:23,2,31,7,,1,2,1,4,4,4,3,3,3,5,3,1,2,3,3,6,6,6,3,6,6,3,5,5,4,4,4,6,6,6,6,5,6,6,5,5,6,6,4,3,6,4,6,2,3,3,3,5,2,3,11,11,60,64,38,57,244,,2023-05-26 16:27:27,1,0,7,7,0,0,1.39,20
274,"anonymous",,"Frag1","interview",2023-05-26 16:24:55,2,21,7,,3,-1,2,5,3,4,3,5,4,3,5,4,5,4,5,4,4,6,4,6,6,4,3,4,3,4,4,6,5,5,4,6,5,5,4,5,4,6,5,4,5,4,4,2,5,4,3,5,3,11,10,18,55,66,54,101,315,,2023-05-26 16:30:10,1,0,7,7,0,0,0.99,8
278,"anonymous",,"Frag1","interview",2023-05-26 16:29:32,2,20,7,,1,-1,2,4,4,4,4,4,2,4,3,3,3,3,3,5,4,4,2,5,5,3,2,3,3,5,4,5,5,4,5,5,4,4,4,4,4,5,5,5,4,3,4,2,4,3,2,2,3,31,21,10,92,93,54,87,388,,2023-05-26 16:36:00,1,0,7,7,0,0,0.77,0
280,"anonymous",,"Frag1","interview",2023-05-26 16:31:18,3,88,2,,3,2,1,1,1,1,5,1,1,1,1,1,5,1,1,6,6,6,6,6,1,6,6,6,6,1,6,6,6,1,1,6,6,6,6,6,6,6,6,1,1,1,6,6,6,6,6,6,6,1,12,9,64,102,30,50,268,,2023-05-26 16:35:46,1,0,7,7,0,0,1.5,55
282,"anonymous",,"Frag1","interview",2023-05-26 16:40:12,2,23,8,,1,-1,2,5,5,2,5,3,3,4,2,2,4,3,5,4,6,6,3,5,6,4,4,4,5,5,3,6,4,6,5,4,3,4,5,4,3,6,3,6,6,3,6,6,5,5,5,6,6,14,8,8,49,44,37,52,212,,2023-05-26 16:43:44,1,0,7,7,0,0,1.39,23
283,"anonymous",,"Frag1","interview",2023-05-26 16:42:33,1,23,7,,2,-1,2,5,4,4,3,3,3,3,4,4,5,3,3,4,2,3,3,4,4,4,4,4,5,5,4,6,6,4,4,4,4,4,2,3,5,6,6,4,4,4,5,4,4,4,4,5,4,4,20,8,49,78,34,52,245,,2023-05-26 16:46:38,1,0,7,7,0,0,1.31,17
286,"anonymous",,"Frag1","interview",2023-05-26 16:49:18,2,22,8,,1,-1,2,4,5,2,3,1,2,4,3,1,5,2,1,4,6,5,2,4,6,4,3,6,3,3,4,4,6,3,6,3,3,6,5,4,3,4,4,6,5,6,6,2,6,6,4,6,3,2,22,8,57,146,82,70,387,,2023-05-26 16:55:45,1,0,7,7,0,0,1.2,21
287,"anonymous",,"Frag1","interview",2023-05-26 16:49:19,2,24,7,,3,1,1,5,5,4,5,4,3,3,3,4,4,3,4,3,5,5,2,5,6,5,4,5,3,5,3,5,5,5,5,5,4,5,3,4,4,5,5,5,5,4,2,1,4,3,4,4,2,12,105,11,60,64,49,51,262,,2023-05-26 16:55:11,1,0,7,7,0,0,0.94,7
288,"anonymous",,"Frag1","interview",2023-05-26 16:49:19,1,29,4,,1,-1,1,5,4,3,3,3,2,5,4,4,4,1,4,3,3,5,1,5,6,2,1,1,1,4,2,6,2,6,6,6,5,6,6,6,6,6,5,4,6,6,3,1,4,1,1,4,1,10,13,14,98,107,67,103,412,,2023-05-26 16:56:11,1,0,7,7,0,0,0.79,1
290,"anonymous",,"Frag1","interview",2023-05-26 16:56:51,2,23,7,,1,-1,1,5,5,4,5,4,3,4,5,4,4,4,3,5,4,5,1,5,6,4,2,5,5,4,4,5,5,5,1,4,5,6,5,6,6,6,4,5,5,5,4,2,6,5,4,6,1,21,17,12,109,123,52,98,432,,2023-05-26 17:04:03,1,0,7,7,0,0,0.73,0
291,"anonymous",,"Frag1","interview",2023-05-26 16:58:54,2,25,7,,2,-1,2,5,5,5,3,4,4,4,5,5,4,5,5,4,2,2,1,5,4,2,2,4,2,4,4,4,4,2,2,2,3,4,4,4,6,4,5,4,5,2,5,1,4,6,5,5,4,11,14,9,56,48,49,43,230,,2023-05-26 17:02:44,1,0,7,7,0,0,1.22,13
292,"anonymous",,"Frag1","interview",2023-05-26 17:00:12,2,29,8,,1,-1,1,4,4,3,5,3,2,4,1,2,4,1,2,5,5,6,3,6,6,5,5,5,3,3,3,6,6,5,5,5,6,6,5,6,6,6,4,3,3,6,6,1,3,3,5,5,4,21,17,14,128,95,48,83,406,,2023-05-26 17:06:58,1,0,7,7,0,0,0.76,1
293,"anonymous",,"Frag1","interview",2023-05-26 17:01:00,2,27,7,,1,-1,1,4,5,5,4,2,2,3,4,1,2,2,4,5,5,6,1,6,6,4,2,4,1,3,3,6,6,5,5,4,5,6,6,6,6,6,2,3,3,3,3,2,4,5,2,5,1,21,14,14,57,82,36,78,302,,2023-05-26 17:06:02,1,0,7,7,0,0,0.97,6
294,"anonymous",,"Frag1","interview",2023-05-26 17:05:17,2,20,7,,2,-1,2,5,4,5,5,5,3,4,5,4,4,4,5,5,4,5,3,4,4,2,3,4,4,4,4,5,5,4,4,3,3,5,5,4,6,5,4,5,6,3,5,2,6,5,3,5,3,3,14,9,85,93,45,81,330,,2023-05-26 17:10:47,1,0,7,7,0,0,1.19,12
295,"anonymous",,"Frag1","interview",2023-05-26 17:11:25,2,25,7,,1,-1,2,4,4,4,4,4,3,3,5,3,4,4,5,2,5,4,1,5,6,5,4,2,2,3,4,5,6,5,5,5,5,5,5,5,4,5,2,2,5,3,5,3,3,5,4,5,3,10,20,10,64,62,62,60,288,,2023-05-26 17:16:13,1,0,7,7,0,0,0.99,4
296,"anonymous",,"Frag1","interview",2023-05-26 17:12:25,1,25,9,"Staatsexamen",3,-1,2,5,5,5,4,5,4,5,5,4,4,3,5,3,2,4,3,4,6,3,2,4,4,2,3,5,3,3,4,4,4,6,6,6,6,5,4,1,4,5,6,5,1,4,3,6,3,121,47,14,72,95,60,92,387,,2023-05-26 17:20:46,1,0,7,7,0,0,0.66,0
297,"anonymous",,"Frag1","interview",2023-05-26 17:13:36,2,20,7,,3,-1,2,4,3,3,4,1,2,4,4,4,2,1,1,5,4,5,5,4,6,4,5,4,6,5,6,5,6,5,2,4,3,5,5,5,5,4,3,1,5,2,2,1,2,2,1,4,1,14,15,9,74,96,53,68,329,,2023-05-26 17:19:05,1,0,7,7,0,0,0.92,1
299,"anonymous",,"Frag1","interview",2023-05-26 17:17:55,2,23,8,,1,-1,2,3,4,4,3,2,2,4,4,2,2,2,2,5,5,5,4,5,5,5,5,5,6,5,5,6,6,5,5,5,6,6,5,5,6,6,5,4,4,4,4,2,4,4,3,3,3,2,8,8,42,46,65,41,212,,2023-05-26 17:21:27,1,0,7,7,0,0,1.73,41
300,"anonymous",,"Frag1","interview",2023-05-26 17:19:50,2,25,7,,1,-1,1,2,4,2,3,3,5,3,1,2,2,3,3,4,4,4,2,4,5,4,2,3,5,4,2,6,4,6,3,4,6,5,4,4,5,6,3,2,4,4,4,4,2,5,4,4,4,15,20,10,61,90,57,63,316,,2023-05-26 17:25:06,1,0,7,7,0,0,0.91,2
308,"anonymous",,"Frag1","interview",2023-05-26 18:01:31,1,21,7,,1,-1,2,3,4,3,2,2,1,3,3,1,3,1,5,4,4,5,3,5,5,5,5,5,5,5,5,6,6,6,5,5,6,5,5,4,4,6,3,4,1,4,2,2,3,3,3,4,3,3,10,11,114,2790,79,95,396,,2023-05-26 18:53:13,1,0,7,7,0,0,0.97,13
309,"anonymous",,"Frag1","interview",2023-05-26 18:06:33,1,19,7,,1,-1,2,5,5,3,4,4,4,3,3,2,4,3,4,2,4,5,2,5,4,4,3,2,1,4,3,5,5,5,3,5,4,5,6,5,6,6,3,6,5,6,5,3,1,5,4,5,4,23,12,7,86,144,62,77,411,,2023-05-26 18:13:24,1,0,7,7,0,0,0.88,5
310,"anonymous",,"Frag1","interview",2023-05-26 18:13:01,2,26,8,,3,-1,2,5,5,4,4,2,2,3,3,3,4,2,4,2,4,5,2,3,5,3,3,4,3,4,3,6,5,5,6,5,5,4,5,3,4,6,4,6,6,4,5,4,6,5,6,6,6,7,16,13,104,113,75,97,425,,2023-05-26 18:20:06,1,0,7,7,0,0,0.79,0
315,"anonymous",,"Frag1","interview",2023-05-26 18:40:57,2,20,7,,1,-1,2,3,4,5,4,3,4,3,5,1,2,4,5,6,3,4,4,6,5,2,4,3,5,2,4,6,6,4,4,5,4,4,4,5,5,6,4,5,5,4,5,4,5,6,5,5,4,11,14,12,81,79,39,44,280,,2023-05-26 18:45:37,1,0,7,7,0,0,1.06,8
316,"anonymous",,"Frag1","interview",2023-05-26 18:46:34,2,25,8,,1,-1,2,5,5,5,3,5,3,4,3,4,4,3,3,2,2,2,2,2,5,2,2,2,2,5,2,2,2,2,5,2,2,2,2,2,2,2,2,5,5,5,2,2,2,2,2,2,2,4,13,11,27,11,8,13,87,,2023-05-26 18:48:01,1,0,7,7,0,0,2.2,137
317,"anonymous",,"Frag1","interview",2023-05-26 18:47:18,2,26,8,,3,-1,2,5,5,4,5,3,4,3,2,2,2,3,5,5,5,6,3,5,4,3,4,4,3,5,3,6,5,5,3,4,5,6,6,6,5,6,4,3,4,2,4,1,3,5,5,4,2,12,8,6,41,57,38,47,209,,2023-05-26 18:50:47,1,0,7,7,0,0,1.46,26
318,"anonymous",,"Frag1","interview",2023-05-26 19:16:21,2,29,8,,2,3,1,3,5,2,3,2,2,4,2,2,2,3,2,5,5,5,3,3,4,5,4,4,4,4,3,4,4,3,3,4,3,5,5,3,4,4,3,6,2,3,2,2,5,3,3,2,2,14,17,9,95,99,91,94,419,,2023-05-26 19:23:20,1,0,7,7,0,0,0.77,1
319,"anonymous",,"Frag1","interview",2023-05-26 19:21:20,1,20,7,,1,-1,1,1,3,2,1,1,2,3,1,1,1,3,1,6,5,6,6,6,6,6,5,6,6,1,6,6,6,5,5,5,6,5,4,4,6,6,3,1,3,5,6,1,1,4,2,2,2,3,13,9,69,52,39,55,240,,2023-05-26 19:25:20,1,0,7,7,0,0,1.41,21
321,"anonymous",,"Frag1","interview",2023-05-26 19:29:26,2,20,7,,3,-1,2,5,4,4,4,4,5,4,5,4,4,4,4,3,3,3,1,4,5,2,3,3,2,2,2,4,4,3,4,4,3,5,5,4,4,4,5,6,5,5,5,2,6,5,3,5,2,4,17,9,130,399,109,119,787,,2023-05-26 19:42:33,1,0,7,7,0,0,0.8,6
322,"anonymous",,"Frag1","interview",2023-05-26 19:35:03,1,20,7,,1,-1,1,2,2,2,1,2,2,3,1,1,2,2,1,6,5,6,6,6,6,5,5,6,6,6,6,6,6,5,5,5,6,5,2,4,6,6,2,2,2,5,6,1,2,3,2,2,2,6,14,8,43,51,277,91,490,,2023-05-26 19:43:13,1,0,7,7,0,0,1.1,13
323,"anonymous",,"Frag1","interview",2023-05-26 19:35:26,2,20,7,,1,-1,2,5,5,2,4,4,4,4,3,2,4,2,4,3,4,5,1,4,5,4,6,4,4,4,3,5,4,4,4,4,4,5,5,5,4,5,6,6,6,6,5,1,6,4,3,6,3,4,17,10,79,77,49,63,299,,2023-05-26 19:40:25,1,0,7,7,0,0,1.12,7
324,"anonymous",,"Frag1","interview",2023-05-26 19:37:59,2,21,7,,1,-1,2,5,4,3,4,3,1,5,3,2,4,2,3,3,4,5,2,5,5,4,4,5,5,4,4,5,3,4,4,6,5,6,6,6,6,6,2,1,6,3,2,1,4,6,5,6,2,2,23,10,83,106,51,100,375,,2023-05-26 19:44:14,1,0,7,7,0,0,1.15,18
326,"anonymous",,"Frag1","interview",2023-05-26 20:02:09,2,27,4,,1,-1,1,4,4,3,4,2,2,3,3,3,3,3,3,4,3,5,4,4,4,4,5,2,4,2,4,5,4,4,3,4,4,6,4,5,5,5,5,5,5,5,5,3,5,6,4,6,3,7,12,10,62,58,41,48,238,,2023-05-26 20:06:07,1,0,7,7,0,0,1.23,11
328,"anonymous",,"Frag1","interview",2023-05-26 20:14:02,1,21,7,,1,-1,1,2,5,5,4,1,2,4,4,4,4,2,5,3,6,4,1,2,4,5,4,4,2,1,3,3,4,1,1,1,1,5,4,4,6,6,1,4,6,1,2,5,6,6,6,6,6,11,16,17,211,194,74,78,601,,2023-05-26 20:24:03,1,0,7,7,0,0,0.65,0
329,"anonymous",,"Frag1","interview",2023-05-26 20:14:36,1,22,7,,1,-1,2,4,4,5,5,4,5,5,3,5,3,2,4,5,4,5,2,6,6,2,2,5,4,4,4,3,6,3,1,4,3,6,5,5,5,4,6,5,5,5,6,2,5,4,3,5,2,11,15,14,72,99,72,89,372,,2023-05-26 20:20:48,1,0,7,7,0,0,0.81,0
333,"anonymous",,"Frag1","interview",2023-05-26 20:46:54,2,23,7,,1,-1,2,5,4,3,4,5,5,3,5,3,5,4,5,3,3,3,3,3,4,5,2,1,2,4,3,3,3,3,2,3,2,5,6,2,3,3,2,5,4,3,5,4,5,4,5,4,3,3,16,9,72,94,64,81,339,,2023-05-26 20:52:33,1,0,7,7,0,0,1.14,10
334,"anonymous",,"Frag1","interview",2023-05-26 20:48:57,2,20,7,,3,-1,2,4,5,5,4,5,4,5,5,4,3,3,5,3,4,4,1,5,6,1,5,4,2,3,2,6,5,5,6,5,6,5,4,5,6,6,4,6,4,3,4,1,5,2,2,5,1,3,17,11,71,111,54,78,345,,2023-05-26 20:54:42,1,0,7,7,0,0,1.11,10
335,"anonymous",,"Frag1","interview",2023-05-26 21:05:06,3,23,7,,1,2,1,3,4,3,1,2,2,4,4,3,3,1,2,2,4,4,4,5,2,5,3,5,6,5,5,6,6,5,2,4,4,5,5,4,6,3,5,5,5,5,2,2,2,1,1,2,2,9,12,8,44,43,23,40,179,,2023-05-26 21:08:05,1,0,7,7,0,0,1.56,30
336,"anonymous",,"Frag1","interview",2023-05-26 21:31:32,2,22,8,,1,-1,2,4,4,3,2,3,3,3,2,2,2,3,3,5,5,5,4,6,6,4,3,4,5,5,4,6,5,5,3,5,5,5,5,5,4,5,3,5,3,5,5,2,5,5,5,4,4,5,33,15,92,84,76,97,402,,2023-05-26 21:38:14,1,0,7,7,0,0,0.82,3
337,"anonymous",,"Frag1","interview",2023-05-26 22:06:27,2,33,4,,1,-1,1,3,5,5,3,3,1,3,5,3,3,5,3,4,1,5,3,4,6,3,5,6,4,6,4,6,6,6,5,4,5,5,6,6,6,6,4,6,6,6,6,3,6,4,5,6,1,49,17,24,101,104,76,82,411,,2023-05-26 22:14:00,1,0,7,7,0,0,0.64,0
340,"anonymous",,"Frag1","interview",2023-05-26 23:02:58,1,25,8,,2,-1,2,5,4,4,5,4,3,3,4,2,5,5,4,4,5,5,1,5,2,2,3,2,1,2,1,6,2,5,3,5,5,5,5,5,2,5,6,6,6,6,6,5,6,6,4,6,4,7,10,10,66,80,58,88,319,,2023-05-26 23:08:17,1,0,7,7,0,0,1.05,4
341,"anonymous",,"Frag1","interview",2023-05-26 23:29:45,2,23,8,,2,-1,2,3,2,4,4,1,1,3,2,2,2,1,4,5,4,6,2,5,6,6,4,3,3,4,4,4,3,4,2,5,3,5,5,5,5,6,3,5,6,5,5,2,4,4,4,4,3,9,19,13,122,100,63,312,638,,2023-05-26 23:40:23,1,0,7,7,0,0,0.69,0
342,"anonymous",,"Frag1","interview",2023-05-27 00:17:30,2,23,7,,2,-1,1,4,5,5,4,3,4,5,3,4,3,3,4,3,4,3,3,4,4,2,3,4,2,4,3,4,4,3,4,3,3,6,5,6,4,5,5,3,4,5,4,2,3,5,3,4,3,20,14,8,49,68,52,58,269,,2023-05-27 00:22:00,1,0,7,7,0,0,1.08,9
343,"anonymous",,"Frag1","interview",2023-05-27 01:53:12,2,23,7,,3,-1,2,4,2,4,5,3,1,2,3,3,4,1,4,4,4,4,2,4,4,3,3,2,2,5,4,4,4,3,4,2,2,4,3,4,4,4,6,4,5,4,6,5,5,6,5,6,5,4,13,13,66,77,49,69,291,,2023-05-27 01:58:03,1,0,7,7,0,0,1.13,8
344,"anonymous",,"Frag1","interview",2023-05-27 05:35:51,1,21,7,,1,-1,2,5,4,5,4,4,4,5,5,2,5,5,5,2,4,3,1,6,5,1,1,2,1,1,2,6,5,5,5,4,6,6,5,4,3,6,4,5,6,4,3,4,6,5,4,6,4,7,11,9,65,64,63,50,269,,2023-05-27 05:40:20,1,0,7,7,0,0,1.16,9
345,"anonymous",,"Frag1","interview",2023-05-27 05:54:28,2,28,7,,2,3,1,4,4,2,4,1,2,4,2,1,3,3,2,4,4,5,3,5,6,5,4,5,5,6,4,5,4,4,4,5,4,5,5,5,5,5,4,5,5,2,5,4,5,5,4,5,4,9,17,14,80,84,66,81,351,,2023-05-27 06:00:19,1,0,7,7,0,0,0.85,0
346,"anonymous",,"Frag1","interview",2023-05-27 06:59:12,2,29,8,,3,-1,1,4,4,4,4,4,4,4,4,2,2,5,4,4,5,4,2,5,4,5,3,2,3,3,3,5,5,5,2,3,4,4,3,5,4,5,2,3,3,4,3,1,4,4,3,3,3,20,18,18,161,100,59,89,465,,2023-05-27 07:06:57,1,0,7,7,0,0,0.67,0
349,"anonymous",,"Frag1","interview",2023-05-27 09:54:57,1,26,8,,2,-1,2,4,4,3,5,2,3,3,4,4,4,2,4,4,3,4,2,5,4,4,4,3,2,4,2,5,5,4,4,4,5,5,4,4,4,6,4,4,4,3,5,3,5,2,4,5,3,5,12,8,45,50,41,47,208,,2023-05-27 09:58:25,1,0,7,7,0,0,1.42,21
352,"anonymous",,"Frag1","interview",2023-05-27 10:22:37,1,23,8,,3,-1,2,5,5,5,4,2,2,3,3,2,5,2,4,3,4,5,1,5,6,3,4,4,3,4,4,6,4,4,5,6,5,5,5,5,5,5,6,4,4,5,2,1,2,2,2,5,2,21,16,9,52,78,41,69,286,,2023-05-27 10:27:23,1,0,7,7,0,0,1.02,6
353,"anonymous",,"Frag1","interview",2023-05-27 10:28:08,2,40,4,,1,-1,1,4,5,5,1,5,3,5,5,3,4,2,5,2,2,4,1,6,6,2,5,3,2,4,3,6,3,5,6,6,6,5,6,6,6,6,3,4,4,4,4,2,4,4,4,5,5,14,13,12,77,148,56,111,431,,2023-05-27 10:35:19,1,0,7,7,0,0,0.79,1
357,"anonymous",,"Frag1","interview",2023-05-27 11:30:18,2,26,7,,2,-1,2,4,4,5,3,2,3,4,4,3,4,3,2,4,5,5,3,4,5,3,2,4,3,6,4,4,3,4,3,5,5,5,5,5,5,5,3,4,6,6,6,2,4,5,5,4,2,23,28,15,116,136,81,128,527,,2023-05-27 11:39:05,1,0,7,7,0,0,0.56,0
358,"anonymous",,"Frag1","interview",2023-05-27 11:38:35,2,20,7,,1,-1,2,4,4,2,3,3,2,3,1,2,2,1,3,4,3,5,2,6,5,5,4,6,5,5,4,6,6,4,5,5,6,4,5,5,4,6,2,2,3,2,3,2,3,4,3,5,3,7,7,5,53,47,49,51,219,,2023-05-27 11:42:14,1,0,7,7,0,0,1.53,26
359,"anonymous",,"Frag1","interview",2023-05-27 11:42:11,2,29,7,,1,-1,1,4,5,3,5,2,1,3,3,2,3,2,3,4,3,5,5,3,6,6,4,4,3,5,4,6,6,4,2,5,5,6,5,5,6,6,3,2,2,1,4,3,5,5,4,6,6,18,17,9,68,82,48,54,296,,2023-05-27 11:47:07,1,0,7,7,0,0,0.98,4
360,"anonymous",,"Frag1","interview",2023-05-27 11:52:46,2,22,7,,1,-1,1,4,3,5,4,2,2,3,4,4,4,4,4,3,4,3,2,3,4,3,2,4,4,4,4,6,3,5,2,3,4,4,3,3,4,6,2,1,5,3,2,2,1,6,4,6,4,12,15,14,59,78,49,54,281,,2023-05-27 11:57:27,1,0,7,7,0,0,0.99,5
365,"anonymous",,"Frag1","interview",2023-05-27 13:48:38,2,20,7,,2,-1,2,4,5,5,4,3,3,4,4,3,5,3,3,4,3,5,2,4,5,3,5,4,4,4,3,4,3,4,5,4,3,5,5,5,6,4,4,5,6,5,3,5,4,6,4,6,5,17,16,12,61,70,50,55,281,,2023-05-27 13:53:19,1,0,7,7,0,0,0.98,5
367,"anonymous",,"Frag1","interview",2023-05-27 14:14:00,1,25,7,,3,-1,2,4,4,5,5,2,4,4,4,3,4,2,4,2,2,6,2,5,5,2,3,5,5,5,2,5,4,3,3,4,2,6,5,4,5,2,5,3,6,6,4,3,5,4,3,2,4,106,8,7,40,56,44,31,193,,2023-05-27 14:18:52,1,0,7,7,0,0,1.44,29
369,"anonymous",,"Frag1","interview",2023-05-27 15:10:49,1,22,8,,1,-1,2,5,4,4,3,2,2,4,2,4,2,5,2,5,2,2,1,5,5,1,4,2,3,4,3,6,5,5,5,5,5,6,3,5,6,6,3,3,1,3,5,4,5,6,4,6,3,7,11,9,62,85,61,98,333,,2023-05-27 15:16:23,1,0,7,7,0,0,1.03,4
371,"anonymous",,"Frag1","interview",2023-05-27 15:33:36,2,22,7,,3,-1,2,5,4,2,3,3,2,4,2,4,3,3,1,5,3,6,5,6,6,5,5,6,5,6,6,5,6,6,3,6,5,5,6,6,6,6,6,1,5,2,6,6,2,5,5,6,2,7,15,7,49,45,30,36,189,,2023-05-27 15:36:45,1,0,7,7,0,0,1.49,25
372,"anonymous",,"Frag1","interview",2023-05-27 15:34:48,1,20,7,,1,-1,2,5,4,5,5,3,2,3,3,2,5,2,3,4,3,4,2,5,5,2,4,4,4,5,3,4,3,3,3,3,4,4,3,3,4,3,6,3,6,5,1,1,1,1,3,6,2,7,15,10,92,83,52,65,324,,2023-05-27 15:40:12,1,0,7,7,0,0,0.98,1
373,"anonymous",,"Frag1","interview",2023-05-27 15:35:30,1,19,7,,3,-1,2,5,5,4,4,2,2,4,5,2,4,4,3,4,2,3,2,5,5,5,3,4,5,5,4,6,6,4,2,6,6,6,3,6,5,6,5,5,1,2,4,5,6,6,6,5,5,7,16,11,184,149,116,183,666,,2023-05-27 15:46:36,1,0,7,7,0,0,0.66,0
378,"anonymous",,"Frag1","interview",2023-05-27 18:21:24,1,22,7,,2,-1,2,5,3,5,5,4,4,5,4,3,3,1,3,4,4,5,2,4,6,6,4,4,2,4,3,6,6,3,2,6,6,5,5,3,6,6,4,3,2,1,4,3,5,4,3,3,3,3,35,11,240,896,51,62,486,,2023-05-27 18:43:02,1,0,7,7,0,0,0.89,11
379,"anonymous",,"Frag1","interview",2023-05-27 19:45:26,2,23,8,,1,-1,2,4,3,4,3,2,5,5,4,2,2,2,1,6,5,6,4,6,6,4,5,6,6,6,6,6,6,6,6,6,6,6,6,5,6,6,4,6,6,6,6,1,6,4,1,5,1,8,18,16,92,112,70,131,447,,2023-05-27 19:52:53,1,0,7,7,0,0,0.74,0
380,"anonymous",,"Frag1","interview",2023-05-27 19:46:33,2,20,7,,3,-1,2,5,5,4,3,4,4,4,3,2,4,3,3,2,1,4,3,4,5,2,3,5,3,4,2,5,5,4,4,4,4,6,5,5,5,4,6,6,5,6,5,3,6,4,3,4,3,19,30,11,123,145,67,99,494,,2023-05-27 19:54:47,1,0,7,7,0,0,0.63,0
381,"anonymous",,"Frag1","interview",2023-05-27 23:27:40,1,21,7,,1,-1,2,4,5,5,3,3,5,4,3,1,3,3,4,3,4,3,2,5,6,1,3,6,5,3,4,6,5,6,2,5,4,6,6,6,6,6,3,6,2,3,3,1,6,6,4,5,3,60,21,14,133,128,115,119,537,,2023-05-27 23:37:30,1,0,7,7,0,0,0.54,0
382,"anonymous",,"Frag1","interview",2023-05-28 08:31:49,2,23,7,,1,2,1,3,4,5,3,2,1,3,2,1,3,3,4,3,4,5,2,5,5,2,3,4,3,2,3,6,5,4,3,3,4,5,3,6,5,6,3,5,6,4,5,6,3,4,2,6,2,1913,17,12,62,136,77,66,377,,2023-05-28 09:09:52,1,0,7,7,0,0,0.74,1
385,"anonymous",,"Frag1","interview",2023-05-28 10:56:11,2,23,8,,1,-1,2,4,5,4,5,3,4,3,2,2,5,4,5,4,4,5,1,5,5,2,2,4,3,5,4,5,4,5,5,4,4,4,5,5,5,6,5,6,4,5,5,3,6,4,3,5,4,3,12,7,58,66,42,62,250,,2023-05-28 11:00:21,1,0,7,7,0,0,1.41,21
387,"anonymous",,"Frag1","interview",2023-05-28 11:29:25,2,24,7,,3,-1,2,5,4,3,3,2,1,5,3,2,2,1,2,5,2,4,1,5,5,4,4,4,3,5,4,6,6,5,4,4,1,4,6,3,5,6,6,4,6,6,6,1,4,5,5,6,5,16,8,7,44,51,38,43,207,,2023-05-28 11:32:52,1,0,7,7,0,0,1.43,26
388,"anonymous",,"Frag1","interview",2023-05-28 11:42:45,2,30,7,,1,-1,1,4,4,4,4,4,4,4,3,2,4,4,4,2,5,5,2,5,5,3,2,3,2,5,4,5,5,4,4,5,4,6,5,6,4,5,4,5,4,5,4,2,5,4,3,5,3,12,14,12,54,61,40,50,243,,2023-05-28 11:46:48,1,0,7,7,0,0,1.13,11
389,"anonymous",,"Frag1","interview",2023-05-28 12:09:59,1,26,7,,1,-1,2,5,4,5,3,3,2,3,4,3,4,2,3,2,3,3,2,3,3,4,4,5,2,2,3,6,4,4,5,4,3,4,2,4,6,6,4,5,2,3,5,3,5,5,6,5,6,21,14,14,92,103,66,71,381,,2023-05-28 12:16:20,1,0,7,7,0,0,0.78,1
391,"anonymous",,"Frag1","interview",2023-05-28 14:23:22,2,20,7,,3,-1,2,4,5,5,4,4,3,4,4,3,2,1,5,3,4,4,1,5,5,1,1,5,3,5,3,5,5,4,5,3,2,5,6,6,5,4,2,4,5,5,1,1,3,2,3,6,1,3,21,16,73,22431,110,246,553,,2023-05-28 20:45:02,1,0,7,7,0,0,0.77,10
392,"anonymous",,"Frag1","interview",2023-05-28 14:46:24,2,19,7,,3,-1,2,4,4,3,4,2,3,3,1,2,2,2,1,5,5,5,3,4,4,4,5,4,6,5,6,5,4,2,4,3,3,6,5,4,4,6,3,5,3,2,6,2,4,4,4,3,3,23,22,11,68,56,49,102,331,,2023-05-28 14:51:55,1,0,7,7,0,0,0.89,5
396,"anonymous",,"Frag1","interview",2023-05-28 17:18:28,2,28,8,,1,-1,2,4,5,3,3,3,3,4,3,2,4,3,3,4,4,3,1,3,4,4,2,3,3,4,4,5,5,4,4,4,3,4,4,4,3,5,3,3,3,4,4,2,4,4,3,5,3,6,19,11,153,107,88,100,484,,2023-05-28 17:26:32,1,0,7,7,0,0,0.77,1
397,"anonymous",,"Frag1","interview",2023-05-28 19:10:13,2,23,8,,3,-1,2,5,5,5,5,4,3,4,5,4,4,4,4,4,4,2,2,4,3,2,2,4,2,5,4,4,3,2,3,3,3,4,6,4,5,4,3,2,6,5,5,2,2,6,5,6,4,9,10,8,61,70,43,66,267,,2023-05-28 19:14:40,1,0,7,7,0,0,1.17,10
398,"anonymous",,"Frag1","interview",2023-05-28 19:43:11,1,27,7,,3,1,1,5,5,4,4,4,4,4,4,4,4,2,3,5,5,4,3,4,6,2,3,3,4,5,4,4,2,5,5,2,2,5,4,4,4,4,4,6,2,3,5,3,5,5,4,5,4,4,19,10,71,84,65,64,317,,2023-05-28 19:48:28,1,0,7,7,0,0,1.06,6
400,"anonymous",,"Frag1","interview",2023-05-28 20:42:57,2,21,7,,3,-1,2,2,3,2,3,1,1,2,3,3,2,2,1,5,4,5,2,6,6,5,6,3,6,6,6,5,6,6,2,4,4,6,3,4,4,4,3,2,2,3,5,2,3,4,3,5,2,13,10,8,40,394,146,147,758,,2023-05-28 20:55:36,1,0,7,7,0,0,0.87,11
401,"anonymous",,"Frag1","interview",2023-05-28 20:43:31,2,22,7,,3,-1,1,4,5,2,4,4,2,5,1,2,2,3,1,5,3,5,2,4,5,2,5,5,5,5,5,6,6,5,3,5,5,5,2,5,5,6,1,6,4,6,3,2,5,2,2,5,1,4,15,11,79,105,53,76,343,,2023-05-28 20:49:14,1,0,7,7,0,0,1.04,6
402,"anonymous",,"Frag1","interview",2023-05-28 20:46:43,1,27,6,,3,-1,2,5,4,4,5,4,3,5,5,3,5,3,3,4,4,4,2,4,5,4,3,6,4,3,3,6,6,6,6,6,6,6,6,5,6,6,6,6,4,4,5,2,5,1,1,6,1,18,44,15,78,153,83,69,460,,2023-05-28 20:54:23,1,0,7,7,0,0,0.64,0
404,"anonymous",,"Frag1","interview",2023-05-28 20:53:16,2,44,4,,2,1,1,5,4,4,5,3,2,3,2,2,2,2,5,3,4,4,2,3,3,5,3,2,1,2,1,5,3,5,4,4,6,5,6,5,6,6,4,3,2,4,4,3,4,3,4,4,3,10,20,13,89,98,62,71,363,,2023-05-28 20:59:19,1,0,7,7,0,0,0.82,0
406,"anonymous",,"Frag1","interview",2023-05-28 20:57:56,2,21,7,,1,-1,2,4,4,3,4,3,2,3,2,2,5,2,4,4,3,4,4,4,4,5,3,3,1,5,3,5,5,5,4,4,5,4,3,5,5,6,2,5,3,2,4,2,5,5,3,5,5,4,8,6,44,55,39,43,199,,2023-05-28 21:01:15,1,0,7,7,0,0,1.63,31
408,"anonymous",,"Frag1","interview",2023-05-28 21:15:48,2,20,7,,3,-1,2,4,5,4,4,5,2,4,2,1,1,4,2,6,4,5,1,5,5,4,4,5,5,5,5,6,6,4,6,5,5,5,6,6,6,6,4,6,5,5,5,1,5,5,2,6,2,9,17,28,154,133,55,117,513,,2023-05-28 21:24:21,1,0,7,7,0,0,0.67,0
410,"anonymous",,"Frag1","interview",2023-05-28 21:16:39,2,20,7,,1,-1,2,4,2,3,3,2,2,4,3,2,3,2,4,4,4,3,1,5,4,3,2,4,3,6,5,5,5,3,3,3,2,5,6,6,6,5,5,5,6,6,3,1,5,5,1,6,3,13,16,12,86,125,59,72,383,,2023-05-28 21:23:02,1,0,7,7,0,0,0.81,0
411,"anonymous",,"Frag1","interview",2023-05-28 21:19:54,2,38,7,,2,1,1,5,5,3,4,2,2,5,4,2,4,4,3,3,4,4,4,6,5,3,3,4,6,6,6,6,6,6,6,6,6,6,6,6,6,6,3,3,6,3,5,1,4,2,3,6,3,10,16,11,82,112,82,138,451,,2023-05-28 21:27:25,1,0,7,7,0,0,0.76,0
412,"anonymous",,"Frag1","interview",2023-05-28 21:22:29,2,21,7,,3,-1,2,5,5,4,3,4,2,4,4,2,3,1,5,4,4,5,2,4,5,5,4,4,3,4,3,6,3,4,3,4,5,5,6,4,5,5,4,6,6,6,6,4,6,4,4,6,4,15,13,16,98,132,184,107,565,,2023-05-28 21:31:54,1,0,7,7,0,0,0.65,1
414,"anonymous",,"Frag1","interview",2023-05-28 21:41:27,1,26,7,,3,-1,1,5,5,5,5,4,5,5,5,2,5,3,3,2,6,4,1,5,6,3,2,3,1,1,2,3,5,2,3,1,2,6,5,5,5,3,6,6,6,6,5,1,3,4,5,5,6,3,11,9,83,157,80,127,470,,2023-05-28 21:49:17,1,0,7,7,0,0,1.06,13
418,"anonymous",,"Frag1","interview",2023-05-29 00:22:09,1,24,7,,1,-1,2,4,4,4,4,2,2,4,5,4,4,2,4,3,3,3,2,4,4,4,3,3,3,3,3,4,4,4,3,3,3,4,4,4,4,5,4,4,5,4,5,4,4,4,4,6,4,6,13,9,66,83,35,59,271,,2023-05-29 00:26:40,1,0,7,7,0,0,1.18,9
421,"anonymous",,"Frag1","interview",2023-05-29 08:21:11,1,24,8,,3,-1,1,5,5,5,4,4,4,5,5,5,5,5,5,3,2,3,2,4,4,4,3,4,1,2,3,6,6,4,4,6,6,6,5,4,5,6,6,6,2,3,5,2,5,6,6,6,5,3,11,8,38,86,39,56,241,,2023-05-29 08:25:12,1,0,7,7,0,0,1.48,24
422,"anonymous",,"Frag1","interview",2023-05-29 09:11:56,2,25,4,,3,-1,2,4,4,3,4,3,1,5,3,3,4,3,2,6,5,5,4,4,6,5,5,4,5,2,6,5,5,6,4,5,5,5,5,5,5,5,4,3,4,5,5,3,4,6,6,5,3,8,15,14,71,86,59,70,323,,2023-05-29 09:17:19,1,0,7,7,0,0,0.92,0
424,"anonymous",,"Frag1","interview",2023-05-29 09:26:08,1,25,7,,3,-1,2,5,4,3,3,2,1,3,4,3,2,1,5,4,1,6,3,6,5,1,4,3,1,2,1,6,5,5,5,6,6,6,3,3,5,6,2,6,4,3,2,6,6,6,5,6,4,9,15,25,155,177,104,93,578,,2023-05-29 09:35:46,1,0,7,7,0,0,0.62,0
426,"anonymous",,"Frag1","interview",2023-05-29 10:15:36,2,23,7,,1,-1,2,4,5,4,3,2,2,5,5,2,2,3,5,4,4,4,2,4,5,4,2,4,2,5,3,6,6,4,5,4,5,5,4,4,6,6,3,1,4,1,4,1,1,5,4,1,2,5,21,12,78,122,55,63,356,,2023-05-29 10:21:32,1,0,7,7,0,0,0.94,3
427,"anonymous",,"Frag1","interview",2023-05-29 10:20:35,2,25,7,,3,-1,2,5,5,5,5,4,3,4,5,4,4,4,5,2,2,2,1,4,6,4,2,3,2,5,2,5,3,4,4,5,4,5,5,4,5,5,3,3,6,4,2,2,4,5,3,5,1,3,14,10,77,91,67,84,346,,2023-05-29 10:26:21,1,0,7,7,0,0,1.12,10
429,"anonymous",,"Frag1","interview",2023-05-29 10:31:31,1,20,7,,2,-1,2,3,4,5,2,3,2,4,4,4,2,3,5,3,3,4,3,5,5,3,4,5,4,4,3,4,4,4,4,3,3,4,3,1,4,2,4,4,4,3,3,3,4,4,4,6,2,4,35,7,44,37,32,46,205,,2023-05-29 10:34:56,1,0,7,7,0,0,1.52,30
430,"anonymous",,"Frag1","interview",2023-05-29 10:35:00,2,27,8,,2,-1,2,4,5,4,5,2,4,4,5,4,4,4,5,4,4,4,1,6,4,3,4,2,5,3,2,6,5,5,3,3,4,5,6,6,5,5,5,3,5,3,5,2,4,5,3,6,5,4,10,10,86,188,114,112,524,,2023-05-29 10:43:44,1,0,7,7,0,0,0.94,9
431,"anonymous",,"Frag1","interview",2023-05-29 10:36:00,2,23,7,,3,-1,2,5,5,5,4,4,4,4,4,4,4,3,4,5,4,4,2,4,5,2,3,3,4,4,4,4,5,3,3,3,3,5,4,4,6,4,5,6,5,4,5,4,6,4,4,6,4,3,15,8,70,100,59,75,330,,2023-05-29 10:41:30,1,0,7,7,0,0,1.18,11
432,"anonymous",,"Frag1","interview",2023-05-29 10:40:03,2,31,7,,2,1,1,4,4,4,4,1,1,3,4,4,2,3,3,4,4,4,2,4,5,3,3,4,4,4,4,4,4,4,5,3,2,4,2,2,3,4,2,3,2,4,3,2,3,4,3,3,3,10,29,18,75,76,58,80,346,,2023-05-29 10:45:49,1,0,7,7,0,0,0.8,1
434,"anonymous",,"Frag1","interview",2023-05-29 11:05:44,2,30,7,,3,-1,1,3,3,4,4,3,2,4,3,3,4,1,4,4,5,5,2,4,4,5,4,4,2,3,3,5,4,1,3,5,3,5,5,5,5,6,4,4,5,2,5,3,4,5,5,5,1,3,13,11,82,68,95,62,334,,2023-05-29 11:11:18,1,0,7,7,0,0,1.17,13
435,"anonymous",,"Frag1","interview",2023-05-29 11:28:51,1,23,8,,1,-1,1,5,5,5,5,5,4,4,5,5,5,4,4,3,4,3,2,5,4,4,3,5,4,4,3,5,6,5,5,4,5,5,6,4,5,6,6,6,6,4,5,4,6,4,4,6,4,6,18,8,40,48,61,53,234,,2023-05-29 11:32:45,1,0,7,7,0,0,1.28,16
436,"anonymous",,"Frag1","interview",2023-05-29 11:33:02,1,23,9,"Bachelor",1,-1,2,5,5,5,4,4,3,3,4,4,4,4,4,2,3,4,3,4,4,2,3,3,1,5,2,5,3,4,4,4,4,5,5,5,3,5,4,5,6,6,3,3,5,5,5,6,3,11,39,12,83,128,59,77,409,,2023-05-29 11:39:51,1,0,7,7,0,0,0.74,0
437,"anonymous",,"Frag1","interview",2023-05-29 11:49:19,1,21,7,,3,-1,2,4,4,4,4,5,4,4,5,3,4,3,5,1,2,3,1,3,4,2,1,2,2,3,2,4,4,4,5,3,3,5,5,5,5,4,4,6,5,4,4,3,6,5,5,6,3,15,14,12,64,83,58,67,313,,2023-05-29 11:54:32,1,0,7,7,0,0,0.92,1
438,"anonymous",,"Frag1","interview",2023-05-29 11:54:36,2,20,7,,3,-1,2,4,4,4,5,4,2,3,4,4,5,4,3,4,2,5,2,6,5,3,5,5,4,4,4,6,5,5,5,4,5,5,2,4,4,5,5,6,5,4,5,5,6,6,4,6,5,15,9,7,56,76,57,61,281,,2023-05-29 11:59:17,1,0,7,7,0,0,1.14,11
439,"anonymous",,"Frag1","interview",2023-05-29 12:19:50,2,27,7,,2,-1,1,5,5,5,3,4,4,5,3,1,3,2,5,4,4,4,4,6,6,2,2,3,2,5,3,6,6,6,6,6,1,5,5,6,6,6,4,5,6,6,5,1,4,2,2,3,2,4,29,14,135,225,81,69,557,,2023-05-29 12:29:07,1,0,7,7,0,0,0.79,5
441,"anonymous",,"Frag1","interview",2023-05-29 12:49:12,2,26,4,,3,-1,2,5,4,3,4,5,3,4,4,3,4,3,5,1,4,3,1,6,6,5,2,1,1,4,1,6,6,6,6,6,6,6,6,6,6,6,6,6,6,4,6,3,6,6,4,6,2,10,22,12,92,81,50,57,324,,2023-05-29 12:54:36,1,0,7,7,0,0,0.9,2
446,"anonymous",,"Frag1","interview",2023-05-29 14:28:33,1,22,7,,2,1,1,5,5,5,4,4,5,5,5,5,5,2,4,4,3,4,1,4,6,3,1,1,4,5,3,6,6,5,4,5,5,6,6,6,6,6,4,5,6,6,5,6,5,6,4,6,5,10,14,7,58,80,47,52,268,,2023-05-29 14:33:01,1,0,7,7,0,0,1.13,9
447,"anonymous",,"Frag1","interview",2023-05-29 15:15:43,2,25,8,,1,1,1,4,4,4,3,3,4,4,2,1,3,1,4,4,4,6,4,6,6,3,4,5,4,5,6,6,5,6,5,5,5,5,3,4,6,6,3,5,5,5,4,2,5,5,5,6,4,3,10,6,49,53,37,50,208,,2023-05-29 15:19:12,1,0,7,7,0,0,1.62,31
448,"anonymous",,"Frag1","interview",2023-05-29 15:34:00,2,25,7,,3,-1,2,5,5,5,3,4,4,4,4,3,4,3,5,3,4,4,2,5,5,3,4,4,2,3,3,5,3,4,4,4,4,5,5,4,5,5,5,5,3,4,5,2,5,3,3,4,3,19,14,9,73,86,52,65,318,,2023-05-29 15:39:18,1,0,7,7,0,0,0.94,2
449,"anonymous",,"Frag1","interview",2023-05-29 15:35:12,2,22,7,,1,-1,1,3,4,3,3,4,1,5,3,2,3,2,3,4,5,6,1,6,6,4,4,3,6,3,4,6,6,5,6,6,3,6,6,6,6,6,6,4,5,6,6,2,6,5,2,6,1,8,20,12,93,122,75,87,417,,2023-05-29 15:42:09,1,0,7,7,0,0,0.77,0
453,"anonymous",,"Frag1","interview",2023-05-29 16:06:55,2,21,7,,1,-1,2,4,4,5,4,3,4,5,4,2,3,4,4,4,2,5,3,4,4,3,2,4,2,3,4,5,5,4,5,4,3,5,5,4,5,5,5,5,5,4,6,4,5,5,3,4,4,15,23,10,78,110,66,88,390,,2023-05-29 16:13:26,1,0,7,7,0,0,0.77,0
455,"anonymous",,"Frag1","interview",2023-05-29 16:23:10,1,26,7,,1,-1,2,5,5,3,5,2,2,3,3,4,4,2,2,4,3,5,1,4,4,4,3,5,1,2,4,6,6,3,4,3,5,5,3,4,5,6,5,6,6,5,6,6,6,6,6,6,6,1,14,10,61,70,49,55,260,,2023-05-29 16:27:30,1,0,7,7,0,0,1.4,48
458,"anonymous",,"Frag1","interview",2023-05-29 17:23:35,1,19,7,,1,-1,2,5,2,4,5,3,3,4,3,4,2,4,5,2,4,3,1,4,5,2,3,2,2,5,2,4,4,4,3,4,3,5,5,6,5,5,6,6,6,6,6,6,6,6,5,6,5,32,13,13,77,95,69,56,355,,2023-05-29 17:29:30,1,0,7,7,0,0,0.85,3
462,"anonymous",,"Frag1","interview",2023-05-29 17:40:27,2,22,8,,1,-1,2,3,4,5,4,1,2,4,1,3,1,4,1,5,6,4,1,3,5,5,6,3,3,5,2,5,2,5,3,4,5,6,5,6,4,6,4,5,4,5,5,2,6,5,5,6,3,3,22,11,957,1283,51,54,295,,2023-05-29 18:20:08,1,0,7,7,0,0,0.91,12
463,"anonymous",,"Frag1","interview",2023-05-29 17:40:41,2,21,7,,1,-1,2,4,5,4,4,4,2,4,5,3,4,3,5,1,3,3,1,4,4,4,2,3,1,3,2,4,2,4,4,3,4,5,4,3,2,1,4,4,4,3,3,4,4,5,5,4,4,5,14,8,1886,352,60,58,567,,2023-05-29 18:20:24,1,0,7,7,0,0,0.87,6
467,"anonymous",,"Frag1","interview",2023-05-29 18:26:13,2,20,7,,1,-1,2,3,4,4,4,5,2,3,1,2,3,2,4,2,5,3,2,5,5,2,4,3,2,3,2,6,6,4,5,3,4,6,6,6,4,5,1,2,5,4,2,1,2,4,2,4,1,6,30,13,89,116,86,146,486,,2023-05-29 18:34:20,1,0,7,7,0,0,0.72,1
468,"anonymous",,"Frag1","interview",2023-05-29 19:07:18,2,26,7,,1,-1,1,4,4,1,5,1,1,2,5,5,4,4,5,3,2,2,1,5,1,2,1,1,1,5,5,6,6,6,1,6,3,6,3,5,6,2,2,1,2,5,6,5,5,1,6,5,2,7,8,8,57,144,50,62,336,,2023-05-29 19:12:54,1,0,7,7,0,0,1.16,11
469,"anonymous",,"Frag1","interview",2023-05-29 19:13:44,2,25,8,,1,-1,1,4,5,3,4,4,3,4,4,4,3,2,2,4,4,5,2,4,3,3,3,1,2,4,4,3,3,3,3,2,2,5,5,5,3,1,5,6,3,6,6,5,6,6,3,6,2,20,18,7,44,65,39,52,245,,2023-05-29 19:17:49,1,0,7,7,0,0,1.17,14
472,"anonymous",,"Frag1","interview",2023-05-29 20:20:28,2,27,8,,1,-1,1,5,3,4,3,4,2,3,3,3,3,4,3,4,4,5,2,5,6,3,5,5,4,6,4,6,5,5,4,5,5,5,5,5,5,6,4,3,4,5,5,4,4,4,2,4,3,2,11,10,44,50,28,10,155,,2023-05-29 20:23:03,1,0,7,7,0,0,1.94,78
473,"anonymous",,"Frag1","interview",2023-05-29 20:44:19,2,22,7,,3,2,1,4,4,3,4,3,3,4,2,3,5,3,4,3,4,3,2,4,5,3,2,4,3,3,3,5,5,2,4,3,3,4,5,4,3,5,3,5,3,4,5,3,5,5,5,6,5,6,16,12,68,92,57,54,305,,2023-05-29 20:49:24,1,0,7,7,0,0,1.01,3
475,"anonymous",,"Frag1","interview",2023-05-29 21:22:02,2,25,7,,1,-1,1,4,5,5,4,2,4,5,5,4,4,4,2,5,5,4,1,5,5,2,3,4,5,5,5,5,6,4,4,3,4,5,6,4,4,5,4,6,4,3,4,1,6,4,3,5,3,6,9,10,138,85,55,69,372,,2023-05-29 21:28:14,1,0,7,7,0,0,1.04,6
478,"anonymous",,"Frag1","interview",2023-05-29 22:41:31,2,22,7,,1,-1,2,5,4,5,4,2,3,4,3,3,4,3,3,4,5,5,2,5,5,3,4,4,4,4,4,6,4,4,4,4,5,5,4,4,4,4,5,4,4,3,4,3,4,4,4,5,4,2,15,13,70,66,46,73,285,,2023-05-29 22:46:16,1,0,7,7,0,0,1.31,21
480,"anonymous",,"Frag1","interview",2023-05-29 22:49:32,2,20,7,,1,-1,2,5,4,4,5,2,1,4,3,2,5,4,4,5,2,3,1,5,6,2,4,4,3,6,2,6,4,3,5,5,6,5,6,6,5,6,4,5,5,4,5,1,5,6,6,6,6,2,13,10,53,61,49,58,246,,2023-05-29 22:53:38,1,0,7,7,0,0,1.45,26
482,"anonymous",,"Frag1","interview",2023-05-29 23:32:38,2,25,7,,3,-1,2,4,4,3,5,5,4,3,3,3,4,4,5,2,4,4,3,5,4,2,5,3,4,4,3,5,3,4,4,5,4,5,5,5,4,6,5,6,3,4,5,1,5,3,3,5,2,3,20,17,47,49,645,50,241,,2023-05-29 23:46:29,1,0,7,7,0,0,1.19,21
483,"anonymous",,"Frag1","interview",2023-05-29 23:47:57,1,22,7,,1,-1,2,4,4,3,4,3,2,3,3,3,2,2,3,4,2,4,4,5,5,2,2,4,4,4,4,5,4,5,5,4,5,6,5,6,5,6,4,1,6,5,3,3,1,3,3,6,3,4,24,13,75,196,78,132,522,,2023-05-29 23:56:39,1,0,7,7,0,0,0.82,5
486,"anonymous",,"Frag1","interview",2023-05-30 06:56:16,2,23,7,,1,-1,2,5,4,3,4,3,3,4,4,4,3,4,3,5,4,5,3,5,4,3,3,5,2,4,3,4,2,3,3,4,3,5,4,4,4,2,2,4,3,3,3,3,4,4,3,5,3,11,27,14,89,113,67,98,419,,2023-05-30 07:03:15,1,0,7,7,0,0,0.71,0
487,"anonymous",,"Frag1","interview",2023-05-30 07:51:22,2,23,8,,1,-1,2,4,5,5,4,5,2,4,5,3,4,4,3,3,4,3,2,5,5,4,4,3,2,3,4,6,5,3,2,4,4,5,4,6,6,6,5,5,5,5,5,1,5,5,5,6,4,4,10,7,99,62,43,71,296,,2023-05-30 07:56:18,1,0,7,7,0,0,1.28,17
488,"anonymous",,"Frag1","interview",2023-05-30 07:57:39,1,23,8,,1,-1,2,5,5,5,4,5,5,4,4,3,4,4,5,3,2,4,2,5,5,4,4,6,5,6,5,6,5,6,4,4,5,6,6,6,5,6,6,6,6,6,5,1,6,4,5,6,6,3,47,11,176,102,246,100,685,,2023-05-30 08:09:04,1,0,7,7,0,0,0.81,10
489,"anonymous",,"Frag1","interview",2023-05-30 08:24:51,2,29,8,,1,-1,2,5,2,2,3,4,2,4,4,4,5,3,3,5,5,5,5,5,5,5,4,5,5,5,5,6,6,3,2,5,5,5,3,3,5,6,6,6,4,4,6,5,6,6,6,6,6,3,12,8,75,80,55,68,301,,2023-05-30 08:29:52,1,0,7,7,0,0,1.26,13
490,"anonymous",,"Frag1","interview",2023-05-30 08:30:11,2,23,8,,2,-1,2,5,5,4,5,2,3,4,4,4,5,4,5,1,5,4,1,5,2,4,2,2,1,1,1,6,6,4,5,6,6,5,2,5,6,6,4,5,6,2,5,6,4,6,6,6,6,3,10,8,50,76,49,46,242,,2023-05-30 08:34:13,1,0,7,7,0,0,1.46,23
492,"anonymous",,"Frag1","interview",2023-05-30 08:32:27,2,26,7,,1,1,1,4,2,4,5,2,3,3,2,2,4,4,5,5,5,5,2,3,4,2,4,4,5,2,4,3,3,5,3,3,4,5,3,4,3,4,3,2,6,6,6,2,3,5,3,6,3,6,13,7,76,98,90,93,383,,2023-05-30 08:38:50,1,0,7,7,0,0,0.98,5
494,"anonymous",,"Frag1","interview",2023-05-30 08:48:34,2,22,7,,2,-1,2,5,5,5,2,5,1,4,5,4,4,5,4,2,1,3,2,4,5,2,1,3,1,5,1,5,5,4,5,3,2,4,6,5,5,5,2,3,5,6,4,2,3,2,3,4,1,10,15,9,150,164,77,126,551,,2023-05-30 08:57:45,1,0,7,7,0,0,0.72,1
495,"anonymous",,"Frag1","interview",2023-05-30 08:48:49,2,30,8,,2,1,1,3,5,3,3,2,4,4,4,2,2,2,4,4,5,6,2,5,6,6,5,4,4,4,3,6,5,4,4,4,5,6,5,6,5,5,6,4,3,5,5,3,5,6,4,6,3,7,15,10,118,120,81,81,432,,2023-05-30 08:56:01,1,0,7,7,0,0,0.83,0
503,"anonymous",,"Frag1","interview",2023-05-30 09:32:02,2,26,9,"Berufsausbildung",2,-1,1,3,4,2,4,3,1,2,3,2,2,2,4,3,5,5,2,4,5,6,2,3,2,3,3,3,3,4,3,5,2,6,6,6,5,5,3,3,4,3,1,2,3,4,4,5,5,41,57,27,116,172,146,109,668,,2023-05-30 09:43:10,1,0,7,7,0,0,0.41,0
504,"anonymous",,"Frag1","interview",2023-05-30 09:34:01,2,22,7,,1,-1,2,4,4,5,1,4,3,4,4,4,4,3,4,4,3,4,2,4,4,3,3,4,3,3,3,5,5,4,4,4,5,4,3,4,4,5,4,4,4,3,4,4,5,5,4,5,4,10,44,15,78,138,47,63,395,,2023-05-30 09:40:36,1,0,7,7,0,0,0.78,2
505,"anonymous",,"Frag1","interview",2023-05-30 09:35:30,3,20,7,,1,-1,2,3,4,3,4,2,3,3,1,2,2,3,5,4,4,5,3,3,4,2,4,3,4,4,4,4,2,2,3,2,2,5,5,3,4,5,2,6,4,4,4,2,6,5,5,4,5,5,14,11,80,131,61,97,399,,2023-05-30 09:42:09,1,0,7,7,0,0,0.93,3
506,"anonymous",,"Frag1","interview",2023-05-30 09:36:00,1,22,7,,1,-1,2,3,5,3,2,1,2,3,3,2,4,1,1,5,4,6,4,6,6,4,3,3,3,3,4,6,6,6,3,6,3,6,6,6,6,6,3,4,3,1,6,1,6,5,3,5,6,8,13,14,81,93,62,74,345,,2023-05-30 09:41:45,1,0,7,7,0,0,0.9,1
507,"anonymous",,"Frag1","interview",2023-05-30 09:38:54,1,20,7,,1,-1,2,3,4,2,5,3,2,2,1,2,1,2,2,5,4,6,3,5,5,3,4,6,4,5,6,5,5,4,5,5,4,5,4,5,4,6,3,6,5,5,5,5,6,4,3,5,3,13,23,22,97,188,86,102,531,,2023-05-30 09:47:45,1,0,7,7,0,0,0.59,0
508,"anonymous",,"Frag1","interview",2023-05-30 09:42:39,1,19,7,,1,-1,2,4,4,4,4,2,2,3,4,4,3,2,4,4,5,4,2,4,5,3,2,2,4,4,3,4,4,3,4,4,4,4,4,3,4,5,4,6,6,5,4,3,1,4,4,6,5,14,11,18,121,171,207,96,638,,2023-05-30 09:53:17,1,0,7,7,0,0,0.64,3
509,"anonymous",,"Frag1","interview",2023-05-30 09:56:43,2,24,7,,3,-1,2,5,4,5,5,5,2,5,4,4,4,4,3,4,2,2,2,4,5,3,2,4,4,5,4,4,4,3,5,3,2,5,5,4,4,4,4,5,4,5,4,2,4,4,3,4,2,8,14,10,65,72,41,51,261,,2023-05-30 10:01:04,1,0,7,7,0,0,1.12,7
510,"anonymous",,"Frag1","interview",2023-05-30 10:19:08,2,57,8,,1,-1,1,5,5,4,4,3,3,4,2,4,4,4,4,3,2,2,3,4,3,4,3,3,3,5,3,5,5,5,3,4,4,5,5,5,4,5,3,2,2,2,3,2,4,4,2,4,2,6,22,12,69,63,48,71,291,,2023-05-30 10:23:59,1,0,7,7,0,0,1.02,5
511,"anonymous",,"Frag1","interview",2023-05-30 10:20:47,2,22,7,,2,-1,2,5,5,4,1,3,5,5,4,3,5,2,4,1,1,3,2,6,6,4,6,4,3,3,5,3,3,2,5,2,2,4,5,2,6,5,6,6,1,5,6,3,6,4,2,6,3,5,12,9,62,63,46,56,253,,2023-05-30 10:25:00,1,0,7,7,0,0,1.23,12
512,"anonymous",,"Frag1","interview",2023-05-30 10:46:44,2,22,8,,3,-1,2,5,5,5,5,5,5,5,3,4,5,4,5,1,1,1,1,6,6,1,1,1,1,3,1,6,6,5,6,4,6,6,6,6,6,6,5,4,6,6,6,4,5,6,3,6,3,3,16,11,66,80,72,90,338,,2023-05-30 10:52:22,1,0,7,7,0,0,1.12,10
513,"anonymous",,"Frag1","interview",2023-05-30 10:57:49,2,20,7,,1,-1,2,4,3,5,4,3,2,3,3,2,2,1,2,1,3,3,2,4,3,6,5,4,2,2,4,6,6,6,2,1,6,6,6,6,6,6,3,3,5,6,4,1,5,2,2,3,1,10,19,10,88,94,41,66,328,,2023-05-30 11:03:17,1,0,7,7,0,0,0.94,3
514,"anonymous",,"Frag1","interview",2023-05-30 11:14:41,2,23,8,,2,-1,2,5,4,4,4,4,2,4,2,2,4,4,4,3,4,4,1,6,5,3,4,3,2,4,3,6,6,5,5,4,4,4,5,5,5,5,4,4,5,5,6,4,6,6,5,6,3,157,21,12,108,153,91,83,475,,2023-05-30 11:25:06,1,0,7,7,0,0,0.6,0
516,"anonymous",,"Frag1","interview",2023-05-30 11:26:38,2,22,7,,1,-1,1,5,4,4,4,3,3,4,5,3,5,2,4,2,4,4,2,5,5,2,4,5,4,4,5,6,4,5,4,4,5,4,5,4,5,6,5,4,4,2,5,2,4,4,3,5,3,18,11,8,46,43,30,36,192,,2023-05-30 11:29:50,1,0,7,7,0,0,1.46,27
517,"anonymous",,"Frag1","interview",2023-05-30 11:27:31,2,21,7,,1,-1,1,4,5,3,4,2,3,5,2,2,3,4,3,3,2,4,3,4,6,3,5,3,4,4,3,5,3,4,4,4,4,5,6,6,5,4,4,3,3,2,3,1,3,6,4,4,2,4,39,14,76,159,60,97,449,,2023-05-30 11:35:00,1,0,7,7,0,0,0.85,5
518,"anonymous",,"Frag1","interview",2023-05-30 11:30:41,2,21,7,,2,-1,2,5,5,4,4,3,3,4,1,3,2,3,1,5,3,4,3,4,6,3,5,4,6,5,5,6,5,3,5,5,4,6,6,4,6,6,4,4,2,3,6,3,4,5,4,6,3,5,31,16,99,126,81,107,465,,2023-05-30 11:38:26,1,0,7,7,0,0,0.74,3
521,"anonymous",,"Frag1","interview",2023-05-30 12:13:25,1,31,8,,2,-1,1,5,3,4,4,3,5,4,4,4,4,4,4,4,4,5,3,4,5,5,5,3,2,5,2,6,5,6,3,5,6,6,4,6,6,6,6,3,5,5,5,4,5,5,5,5,5,2,11,6,45,57,38,46,205,,2023-05-30 12:16:50,1,0,7,7,0,0,1.71,39
522,"anonymous",,"Frag1","interview",2023-05-30 12:26:08,2,22,8,,2,-1,2,3,5,2,2,1,1,2,1,1,2,1,1,6,5,6,4,6,6,5,6,3,6,6,6,6,6,6,5,3,5,5,5,5,5,5,1,4,5,5,2,2,5,3,1,5,1,3,9,7,48,61,58,55,241,,2023-05-30 12:30:09,1,0,7,7,0,0,1.49,25
523,"anonymous",,"Frag1","interview",2023-05-30 12:49:44,2,23,8,,2,-1,1,5,4,4,5,3,2,4,3,4,4,3,5,4,3,3,1,3,3,2,1,3,4,2,3,6,4,4,4,4,4,4,5,4,4,5,4,2,4,2,5,3,4,4,4,5,3,4,19,11,45,67,48,61,255,,2023-05-30 12:53:59,1,0,7,7,0,0,1.22,13
524,"anonymous",,"Frag1","interview",2023-05-30 12:55:23,2,27,7,,2,-1,2,5,5,3,5,4,3,5,3,4,3,4,1,4,3,4,2,6,5,3,6,4,4,5,5,5,5,5,3,5,4,4,5,5,5,5,5,2,2,5,5,2,4,5,5,4,1,3,15,11,254,105,65,84,537,,2023-05-30 13:04:20,1,0,7,7,0,0,1,10
525,"anonymous",,"Frag1","interview",2023-05-30 14:02:28,1,24,7,,3,-1,1,5,3,5,5,3,2,4,4,3,4,2,5,2,3,3,1,3,5,4,3,4,1,4,2,2,1,3,3,3,3,2,3,1,4,6,4,6,5,4,3,2,4,5,5,5,5,2,11,13,81,94,51,67,319,,2023-05-30 14:07:47,1,0,7,7,0,0,1.28,21
526,"anonymous",,"Frag1","interview",2023-05-30 14:03:05,2,23,7,,3,-1,2,5,3,3,5,2,4,4,4,3,5,3,4,4,4,5,2,4,5,5,3,4,2,4,3,4,2,3,1,3,4,5,5,4,6,4,5,5,3,6,4,3,5,5,5,5,6,12,20,14,75,98,75,81,375,,2023-05-30 14:09:20,1,0,7,7,0,0,0.77,0
527,"anonymous",,"Frag1","interview",2023-05-30 14:12:07,2,34,6,,1,-1,1,4,4,4,3,2,3,4,3,3,3,2,3,6,6,6,2,6,6,4,4,4,4,3,4,6,5,6,4,5,6,6,6,6,5,6,4,3,3,3,5,3,2,3,4,6,3,7,18,11,79,98,58,88,359,,2023-05-30 14:18:06,1,0,7,7,0,0,0.89,0
528,"anonymous",,"Frag1","interview",2023-05-30 14:16:08,2,22,8,,2,-1,2,4,5,5,4,4,4,4,4,2,4,4,4,5,4,5,2,5,5,4,5,5,4,6,4,5,5,2,3,2,2,4,5,3,3,4,5,4,6,6,6,4,5,5,4,6,4,5,13,8,55,59,44,52,236,,2023-05-30 14:20:04,1,0,7,7,0,0,1.29,15
530,"anonymous",,"Frag1","interview",2023-05-30 14:27:56,2,23,7,,1,-1,1,4,4,4,4,3,4,5,4,3,4,4,4,3,2,4,2,4,5,4,4,3,4,5,3,4,4,3,3,4,3,4,4,4,4,3,4,4,5,3,4,2,4,2,2,5,2,8,21,10,43,63,60,48,253,,2023-05-30 14:32:09,1,0,7,7,0,0,1.13,10
531,"anonymous",,"Frag1","interview",2023-05-30 14:53:46,2,33,8,,3,2,1,5,5,5,5,4,4,4,5,4,4,4,4,2,2,5,1,4,3,3,2,3,2,3,2,6,6,6,1,5,6,4,3,3,4,6,4,6,6,4,4,3,6,5,4,6,3,9,11,14,73,82,53,82,324,,2023-05-30 14:59:10,1,0,7,7,0,0,0.96,3
532,"anonymous",,"Frag1","interview",2023-05-30 14:54:30,2,20,7,,1,-1,2,5,5,3,3,4,5,4,4,3,4,2,5,4,4,5,1,5,6,1,2,5,5,6,4,6,4,4,5,5,4,5,4,3,6,6,3,6,5,6,4,3,6,5,4,4,2,4,14,11,73,64,54,58,278,,2023-05-30 14:59:08,1,0,7,7,0,0,1.17,9
533,"anonymous",,"Frag1","interview",2023-05-30 15:05:48,2,22,7,,1,-1,2,5,4,4,4,4,4,3,1,2,2,3,4,4,4,4,2,5,4,4,3,2,2,4,2,5,5,3,4,3,3,6,4,5,4,6,4,4,3,5,4,2,3,4,5,5,4,403,9,11,223,176,115,116,657,,2023-05-30 15:23:21,1,0,7,7,0,0,0.64,5
535,"anonymous",,"Frag1","interview",2023-05-30 16:36:16,2,24,7,,3,-1,2,5,4,3,3,5,5,4,3,2,4,2,4,5,4,5,4,6,5,3,1,3,4,6,4,6,6,6,5,5,3,6,3,4,6,6,3,3,3,4,1,1,2,2,1,1,1,20,10,10,50,78,45,56,269,,2023-05-30 16:40:45,1,0,7,7,0,0,1.11,10
536,"anonymous",,"Frag1","interview",2023-05-30 17:33:20,2,21,7,,1,-1,2,5,4,5,5,3,3,4,4,3,4,1,4,5,3,3,3,4,4,4,3,3,3,2,3,5,5,4,5,4,4,5,6,3,3,5,4,5,2,6,4,4,4,6,6,5,5,2,40,10,57,75,72,66,322,,2023-05-30 17:38:44,1,0,7,7,0,0,1.22,21
540,"anonymous",,"Frag1","interview",2023-05-30 22:59:38,2,22,7,,3,-1,1,5,4,5,5,1,2,3,2,3,3,2,4,4,6,3,1,4,6,2,5,4,1,3,2,1,1,5,3,5,1,5,6,5,5,1,3,3,3,5,1,1,3,4,2,2,1,5,14,9,122,89,60,153,452,,2023-05-30 23:07:10,1,0,7,7,0,0,0.92,4
541,"anonymous",,"Frag1","interview",2023-05-31 09:46:54,2,24,8,,1,-1,2,4,3,3,4,1,2,4,2,2,3,2,4,4,5,5,4,6,5,1,4,4,5,4,4,5,5,4,5,4,6,4,2,4,5,6,3,2,5,4,5,3,2,5,4,6,4,25,95,11,90,115,64,87,407,,2023-05-31 09:55:02,1,0,7,7,0,0,0.64,0
542,"anonymous",,"Frag1","interview",2023-05-31 09:59:56,1,21,7,,2,-1,2,4,3,3,4,4,3,4,3,2,3,3,3,4,4,4,3,3,4,4,3,4,4,4,3,4,4,3,3,3,3,4,3,3,4,3,4,4,5,5,5,4,5,5,4,6,5,9,21,8,65,206,73,78,460,,2023-05-31 10:07:36,1,0,7,7,0,0,0.84,2
544,"anonymous",,"Frag1","interview",2023-05-31 11:51:26,2,21,7,,3,-1,2,5,5,5,4,4,3,5,5,4,4,3,4,3,2,4,1,4,5,3,2,5,3,5,3,5,4,5,3,5,5,6,5,4,5,6,5,4,4,5,5,4,5,4,4,4,3,29,16,13,154,114,168,96,590,,2023-05-31 12:01:16,1,0,7,7,0,0,0.6,0
545,"anonymous",,"Frag1","interview",2023-05-31 12:02:31,2,19,7,,1,-1,2,1,5,5,1,5,5,1,5,5,1,5,5,1,1,1,1,1,6,1,1,1,1,6,1,1,1,1,6,1,1,1,1,1,1,1,1,6,6,6,1,1,1,1,1,1,1,2,10,8,31,36,25,31,143,,2023-05-31 12:04:54,1,0,7,7,0,0,2.1,59
547,"anonymous",,"Frag1","interview",2023-05-31 14:00:42,1,26,7,,1,-1,1,4,4,4,5,3,2,4,4,4,5,2,2,4,3,4,3,3,4,4,3,3,4,3,4,4,3,2,2,3,2,4,3,2,5,2,5,5,4,2,6,6,6,6,6,6,6,4,15,11,110,128,68,96,432,,2023-05-31 14:07:54,1,0,7,7,0,0,0.92,5
550,"anonymous",,"Frag1","interview",2023-05-31 17:47:34,2,23,8,,2,-1,2,5,4,5,5,5,5,3,4,3,5,4,5,4,3,4,2,4,5,2,3,3,2,4,4,4,3,4,4,4,4,5,5,5,5,5,4,4,5,5,2,2,4,4,3,4,3,5,18,10,82,80,48,60,303,,2023-05-31 17:52:38,1,0,7,7,0,0,1.06,5
551,"anonymous",,"Frag1","interview",2023-05-31 19:32:33,2,59,8,,1,-1,1,5,4,5,4,3,5,3,2,3,4,5,1,5,2,6,2,5,6,2,4,3,5,6,6,6,5,4,5,3,4,5,6,6,4,6,4,4,6,6,6,5,4,5,4,6,5,3,18,11,212,119,129,134,626,,2023-05-31 19:42:59,1,0,7,7,0,0,0.86,10
552,"anonymous",,"Frag1","interview",2023-06-01 09:18:09,1,21,7,,3,-1,2,3,2,2,5,1,1,2,2,4,3,2,1,5,2,2,2,1,2,2,2,2,1,5,3,3,2,1,3,1,2,4,4,2,1,3,4,6,6,5,6,6,6,6,6,6,6,5,9,9,139,56,38,43,299,,2023-06-01 09:23:08,1,0,7,7,0,0,1.32,19
553,"anonymous",,"Frag1","interview",2023-06-01 09:19:56,2,23,8,,3,-1,2,4,4,4,4,4,4,4,5,3,4,5,5,4,4,4,2,5,4,4,4,5,3,4,3,6,6,5,6,5,5,5,5,5,6,6,4,4,4,3,4,3,6,4,3,4,3,2,12,7,51,54,31,57,214,,2023-06-01 09:23:30,1,0,7,7,0,0,1.65,36
554,"anonymous",,"Frag1","interview",2023-06-01 09:20:38,2,27,7,,2,-1,2,5,5,5,5,4,5,5,4,1,5,4,5,2,3,4,6,4,5,1,4,3,1,6,4,6,6,4,2,3,4,5,6,4,6,6,3,6,5,6,5,1,6,6,4,5,2,2,15,15,96,125,79,86,418,,2023-06-01 09:27:36,1,0,7,7,0,0,1.08,18
557,"anonymous",,"Frag1","interview",2023-06-01 09:23:34,1,19,7,,3,-1,2,5,3,3,4,4,2,4,4,1,4,3,2,4,4,5,2,5,5,1,4,3,3,5,4,6,6,5,2,5,5,6,6,6,6,6,5,3,4,6,3,1,5,4,1,6,5,2,16,7,61,80,34,55,255,,2023-06-01 09:27:49,1,0,7,7,0,0,1.49,28
559,"anonymous",,"Frag1","interview",2023-06-01 09:24:53,2,22,7,,2,-1,2,5,5,5,4,5,5,4,5,4,2,5,5,2,3,4,1,5,5,3,1,1,1,2,2,6,6,5,3,6,6,6,6,6,6,6,2,6,6,3,2,2,6,5,2,6,2,2,8,6,50,69,37,49,221,,2023-06-01 09:28:34,1,0,7,7,0,0,1.72,40
560,"anonymous",,"Frag1","interview",2023-06-01 09:25:29,2,20,7,,3,-1,2,4,5,1,5,3,1,5,5,4,2,4,1,6,5,6,1,4,6,6,4,4,2,6,6,4,4,1,5,1,2,6,6,6,6,4,6,4,4,5,1,6,4,6,4,6,4,37,15,13,105,141,177,245,733,,2023-06-01 09:37:42,1,0,7,7,0,0,0.54,0
561,"anonymous",,"Frag1","interview",2023-06-01 09:25:52,2,31,8,,2,1,1,5,3,5,4,4,1,4,3,2,2,2,3,3,4,5,2,4,6,1,5,4,3,4,3,6,1,4,5,5,2,6,5,5,5,6,2,3,6,6,5,2,3,4,2,5,2,18,15,18,220,215,138,150,774,,2023-06-01 09:38:46,1,0,7,7,0,0,0.5,0
563,"anonymous",,"Frag1","interview",2023-06-01 09:27:19,1,30,7,,2,3,1,5,5,5,5,5,5,5,5,4,5,2,5,2,4,4,1,5,2,2,2,4,1,3,3,6,4,4,6,4,4,6,4,6,5,6,5,6,6,5,4,1,6,4,4,6,5,3,23,12,75,117,73,101,404,,2023-06-01 09:34:03,1,0,7,7,0,0,0.99,10
564,"anonymous",,"Frag1","interview",2023-06-01 09:28:33,2,29,8,,3,-1,1,5,4,5,5,4,3,4,4,3,4,5,5,2,2,4,1,3,3,2,3,4,1,4,2,4,4,3,4,2,3,4,4,3,4,3,2,3,6,3,3,2,3,3,4,4,2,3,16,10,56,59,48,60,252,,2023-06-01 09:32:45,1,0,7,7,0,0,1.32,16
565,"anonymous",,"Frag1","interview",2023-06-01 09:29:47,1,22,7,,3,-1,2,5,4,4,5,3,3,4,4,3,5,2,5,3,4,2,2,4,6,2,2,3,2,4,3,6,4,5,5,4,2,4,4,2,2,6,3,6,6,6,5,5,5,5,5,6,4,17,15,9,112,116,64,61,394,,2023-06-01 09:36:21,1,0,7,7,0,0,0.84,2
566,"anonymous",,"Frag1","interview",2023-06-01 09:31:05,1,30,8,,2,-1,2,5,4,5,5,4,2,4,3,3,4,2,2,3,1,4,2,3,4,5,4,5,1,6,1,5,4,1,4,3,4,6,6,6,5,6,3,4,4,5,1,1,6,6,5,6,1,6,22,16,79,94,85,72,374,,2023-06-01 09:37:19,1,0,7,7,0,0,0.83,1
567,"anonymous",,"Frag1","interview",2023-06-01 09:32:29,2,21,7,,2,-1,2,4,4,2,3,4,3,4,2,2,3,2,2,5,3,5,2,4,6,4,3,5,5,5,4,3,2,3,4,4,3,2,3,3,4,3,3,5,3,4,3,2,5,2,4,3,3,19,13,11,63,54,9,13,182,,2023-06-01 09:35:31,1,0,7,7,0,0,1.59,73
568,"anonymous",,"Frag1","interview",2023-06-01 09:33:17,2,22,7,,3,-1,2,4,4,2,5,1,1,3,1,4,2,3,1,5,5,5,5,5,6,1,3,6,6,3,3,6,6,4,2,2,5,3,2,3,1,6,5,5,3,1,6,3,4,6,6,6,4,3,11,10,59,52,49,48,232,,2023-06-01 09:37:09,1,0,7,7,0,0,1.43,22
570,"anonymous",,"Frag1","interview",2023-06-01 09:38:50,2,23,7,,2,-1,2,4,4,3,4,4,2,3,2,2,4,4,3,4,4,4,2,3,4,3,3,3,3,4,4,4,5,4,3,3,3,3,4,3,4,4,3,4,4,1,5,2,5,3,4,4,4,4,11,10,41,35,17,27,145,,2023-06-01 09:41:15,1,0,7,7,0,0,1.96,50
571,"anonymous",,"Frag1","interview",2023-06-01 09:39:21,2,20,7,,3,-1,2,5,5,4,3,5,3,5,2,3,3,4,2,5,4,5,2,4,5,5,5,3,4,1,3,5,6,3,1,1,2,4,6,6,6,4,5,6,5,6,6,2,6,2,1,5,1,1,14,13,96,140,118,268,650,,2023-06-01 09:50:11,1,0,7,7,0,0,0.98,43
572,"anonymous",,"Frag1","interview",2023-06-01 09:39:24,2,27,8,,3,3,1,5,4,5,4,5,3,5,4,5,5,1,5,2,1,4,1,3,6,3,3,2,1,6,2,4,3,3,5,2,1,5,5,3,5,4,5,6,5,4,3,2,6,5,1,5,2,3,15,10,51,72,44,56,251,,2023-06-01 09:43:35,1,0,7,7,0,0,1.33,17
573,"anonymous",,"Frag1","interview",2023-06-01 09:40:45,2,23,7,,3,-1,2,5,4,5,4,4,2,4,5,3,4,2,3,5,3,6,4,6,6,5,5,4,6,6,6,6,6,2,5,6,6,5,5,4,5,6,5,5,6,1,6,5,5,5,6,6,6,2,18,17,111,118,59,94,419,,2023-06-01 09:47:44,1,0,7,7,0,0,1.06,18
574,"anonymous",,"Frag1","interview",2023-06-01 09:42:52,2,26,8,,3,-1,1,4,4,5,4,1,3,3,4,3,4,1,5,4,6,3,3,5,4,2,2,4,1,3,3,6,6,3,3,4,3,6,5,6,6,5,6,4,3,1,4,3,4,6,4,6,3,5,13,8,59,60,41,68,254,,2023-06-01 09:47:06,1,0,7,7,0,0,1.25,12
575,"anonymous",,"Frag1","interview",2023-06-01 09:43:41,1,29,8,,2,-1,1,4,4,3,5,3,4,3,3,3,3,3,2,4,4,5,2,4,5,3,2,2,3,4,2,6,5,5,4,4,5,6,6,5,5,6,5,5,5,4,4,1,5,3,4,5,3,5,10,7,70,88,57,87,324,,2023-06-01 09:49:05,1,0,7,7,0,0,1.15,9
576,"anonymous",,"Frag1","interview",2023-06-01 09:46:28,2,23,7,,2,-1,1,4,5,4,3,4,4,4,3,3,4,5,4,2,5,5,2,4,3,3,2,3,2,2,3,5,5,3,5,4,3,5,5,5,2,4,2,3,3,2,4,1,4,5,5,3,2,20,12,16,60,89,69,80,346,,2023-06-01 09:52:14,1,0,7,7,0,0,0.85,3
577,"anonymous",,"Frag1","interview",2023-06-01 09:47:00,2,28,7,,2,-1,1,4,4,3,3,2,3,4,2,2,3,3,2,4,4,5,2,4,5,5,4,4,4,4,4,5,4,4,4,5,3,5,4,5,4,6,3,4,3,2,3,2,4,4,4,4,3,15,15,12,80,126,72,140,460,,2023-06-01 09:54:40,1,0,7,7,0,0,0.73,0
578,"anonymous",,"Frag1","interview",2023-06-01 09:47:06,2,20,7,,2,-1,2,4,4,4,4,4,4,3,5,3,4,4,5,2,3,2,2,3,3,3,2,1,2,3,4,5,5,4,4,4,4,5,3,4,5,5,2,5,6,2,5,4,5,5,5,6,5,11,25,9,88,124,137,1798,462,,2023-06-01 10:23:38,1,0,7,7,0,0,0.61,1
579,"anonymous",,"Frag1","interview",2023-06-01 09:47:09,1,23,8,,3,-1,2,5,5,5,4,4,5,4,5,4,5,5,4,4,3,4,2,6,5,2,3,4,4,4,4,6,6,6,5,6,6,6,5,5,6,6,4,6,6,6,5,4,6,6,6,6,5,6,8,7,41,59,42,48,211,,2023-06-01 09:50:40,1,0,7,7,0,0,1.48,24
580,"anonymous",,"Frag1","interview",2023-06-01 09:48:54,2,20,7,,3,-1,2,4,4,5,4,4,5,3,4,3,3,4,5,2,4,4,2,4,5,2,5,3,2,5,3,6,5,4,5,4,4,4,5,5,4,4,2,3,5,5,3,1,3,5,4,5,2,15,83,8,87,78,61,48,380,,2023-06-01 09:55:14,1,0,7,7,0,0,0.87,5
581,"anonymous",,"Frag1","interview",2023-06-01 09:50:41,2,21,7,,3,-1,1,5,4,4,5,4,2,3,2,2,3,2,4,6,5,5,5,4,5,4,2,6,5,5,5,3,3,4,3,3,1,4,2,2,1,2,5,1,4,6,5,1,2,6,6,2,6,6,13,6,58,77,54,52,266,,2023-06-01 09:55:07,1,0,7,7,0,0,1.23,12
583,"anonymous",,"Frag1","interview",2023-06-01 09:54:21,1,22,7,,1,-1,2,5,4,5,5,5,4,4,5,4,4,4,4,2,2,4,2,5,5,3,2,4,2,2,2,6,6,5,5,2,3,4,4,4,6,6,4,5,4,4,6,5,6,6,5,6,4,25,21,14,90,170,60,210,590,,2023-06-01 10:04:11,1,0,7,7,0,0,0.6,0
584,"anonymous",,"Frag1","interview",2023-06-01 09:55:41,2,24,7,,3,-1,2,5,5,5,5,2,2,5,4,4,5,3,5,4,1,1,1,2,2,2,2,1,1,2,1,6,4,5,5,4,2,4,1,5,5,6,6,6,2,6,6,1,6,6,6,4,1,5,14,8,54,59,52,49,241,,2023-06-01 09:59:42,1,0,7,7,0,0,1.27,13
585,"anonymous",,"Frag1","interview",2023-06-01 09:56:47,2,20,7,,3,-1,2,5,4,5,5,4,2,5,5,3,5,4,5,4,6,5,1,5,4,6,5,5,3,5,3,6,6,6,5,6,6,6,4,4,6,6,6,6,6,4,5,5,6,3,4,6,5,11,12,9,89,106,80,92,399,,2023-06-01 10:03:26,1,0,7,7,0,0,0.86,3
586,"anonymous",,"Frag1","interview",2023-06-01 09:58:10,1,26,8,,2,-1,1,5,4,4,5,4,2,3,4,3,3,2,4,6,4,6,4,6,4,1,2,3,4,4,4,6,4,3,5,4,3,6,5,4,5,5,5,5,5,5,5,6,6,5,5,6,4,2,12,10,78,108,62,60,332,,2023-06-01 10:03:42,1,0,7,7,0,0,1.28,21
587,"anonymous",,"Frag1","interview",2023-06-01 09:58:58,2,19,7,,3,-1,2,4,4,3,5,3,2,4,4,4,4,3,4,4,3,4,1,4,5,4,3,5,4,5,3,5,6,5,4,3,4,5,4,5,6,6,4,5,5,3,6,5,5,6,5,6,4,3,10,8,35,46,37,47,186,,2023-06-01 10:02:04,1,0,7,7,0,0,1.69,35
590,"anonymous",,"Frag1","interview",2023-06-01 10:05:09,2,35,7,,2,3,1,5,5,2,4,3,2,5,5,3,4,2,4,3,4,4,1,3,2,5,2,4,1,3,2,5,5,4,5,2,3,5,4,4,4,5,5,4,5,5,4,2,5,5,5,6,4,6,25,13,104,94,78,80,400,,2023-06-01 10:11:49,1,0,7,7,0,0,0.81,1
592,"anonymous",,"Frag1","interview",2023-06-01 10:09:00,2,23,7,,3,-1,2,3,4,5,4,3,3,3,4,4,3,3,4,5,4,4,3,3,5,3,4,4,2,4,3,4,3,3,3,4,3,4,4,4,4,4,3,4,5,4,5,3,5,5,4,5,3,22,26,10,83,99,54,74,368,,2023-06-01 10:15:08,1,0,7,7,0,0,0.79,0
593,"anonymous",,"Frag1","interview",2023-06-01 10:09:07,2,21,7,,3,-1,2,5,4,3,5,3,2,2,3,3,3,2,4,3,2,2,1,3,3,2,3,4,2,3,2,5,4,2,4,2,2,3,5,4,4,4,4,5,5,5,3,6,5,6,6,6,6,29,13,8,90,71,56,55,322,,2023-06-01 10:14:29,1,0,7,7,0,0,0.97,6
594,"anonymous",,"Frag1","interview",2023-06-01 10:12:44,2,21,7,,2,-1,2,4,4,5,4,4,3,4,5,2,4,4,4,3,3,4,3,5,4,4,2,5,2,6,4,6,4,4,5,5,5,4,5,6,5,5,4,4,5,6,4,4,5,6,5,6,5,27,17,14,109,135,100,175,577,,2023-06-01 10:22:21,1,0,7,7,0,0,0.58,0
600,"anonymous",,"Frag1","interview",2023-06-01 10:44:12,2,20,7,,2,-1,2,4,5,4,4,4,2,4,4,3,4,1,4,4,3,5,3,5,5,3,4,5,4,4,4,5,4,2,3,3,4,5,5,5,5,3,5,4,4,5,6,5,4,6,3,4,3,5,15,13,72,71,160,77,413,,2023-06-01 10:51:05,1,0,7,7,0,0,0.94,4
601,"anonymous",,"Frag1","interview",2023-06-01 10:46:38,2,23,7,,2,-1,2,4,4,5,4,3,2,4,2,2,5,4,5,3,4,4,2,3,4,1,2,5,2,1,3,6,6,5,4,4,5,5,5,3,4,5,4,5,5,2,6,2,6,6,5,6,4,10,14,10,70,87,62,78,331,,2023-06-01 10:52:09,1,0,7,7,0,0,0.93,1
602,"anonymous",,"Frag1","interview",2023-06-01 10:47:33,2,23,7,,2,-1,2,4,5,4,5,3,5,4,4,2,4,3,4,5,4,5,2,5,6,2,3,4,4,4,3,5,4,5,5,4,4,5,5,5,5,6,4,4,5,6,5,1,4,4,4,5,3,15,14,10,44,52,31,177,343,,2023-06-01 10:53:16,1,0,7,7,0,0,1.13,15
603,"anonymous",,"Frag1","interview",2023-06-01 10:51:02,2,26,8,,2,1,1,5,5,5,5,4,5,4,5,2,5,5,1,5,3,5,3,5,4,5,5,4,4,5,5,5,5,2,4,2,3,5,3,5,5,5,6,4,4,5,5,4,5,5,5,5,5,7,11,9,57,149,55,60,348,,2023-06-01 10:56:50,1,0,7,7,0,0,1.06,6
604,"anonymous",,"Frag1","interview",2023-06-01 10:58:43,2,21,7,,2,-1,2,5,5,4,5,3,3,3,2,3,2,3,3,3,4,4,2,6,5,2,5,6,4,6,3,6,6,4,3,4,5,6,6,6,6,6,4,4,5,5,4,2,2,4,3,6,2,10,23,13,111,91,55,69,372,,2023-06-01 11:04:55,1,0,7,7,0,0,0.81,0
605,"anonymous",,"Frag1","interview",2023-06-01 10:58:50,2,27,8,,3,-1,1,5,3,4,3,2,3,4,5,2,5,2,4,4,5,5,2,4,5,2,4,3,3,3,4,5,5,4,5,4,4,5,2,4,4,4,4,4,3,5,5,4,4,5,5,5,3,2,58,10,81,113,52,78,394,,2023-06-01 11:05:24,1,0,7,7,0,0,1.11,18
608,"anonymous",,"Frag1","interview",2023-06-01 11:16:07,1,29,7,,1,3,1,4,4,2,5,2,2,3,2,2,4,4,2,3,4,3,2,5,5,3,4,4,2,2,2,6,5,5,5,5,4,6,5,6,5,6,3,4,5,5,4,4,5,5,5,5,4,3,21,12,55,65,45,64,265,,2023-06-01 11:20:32,1,0,7,7,0,0,1.25,16
609,"anonymous",,"Frag1","interview",2023-06-01 11:22:30,2,24,7,,3,-1,1,5,5,4,4,4,4,4,3,3,4,4,3,4,4,4,1,4,6,3,4,5,4,6,4,5,5,5,5,3,4,5,5,5,5,5,4,5,5,3,5,4,5,4,4,6,5,2,12,17,45,86,38,40,240,,2023-06-01 11:26:30,1,0,7,7,0,0,1.5,32
611,"anonymous",,"Frag1","interview",2023-06-01 11:23:27,1,20,7,,2,-1,2,4,5,5,3,3,4,4,3,4,5,4,5,5,4,4,1,5,6,3,3,4,4,2,3,6,4,4,5,5,5,6,6,6,6,4,2,5,6,1,2,1,5,5,4,6,6,3,24,7,50,69,51,56,260,,2023-06-01 11:27:47,1,0,7,7,0,0,1.33,19
612,"anonymous",,"Frag1","interview",2023-06-01 11:30:07,2,23,7,,3,-1,2,4,5,4,3,4,4,4,4,2,4,3,4,3,2,3,2,2,2,5,2,2,2,5,3,6,6,3,6,5,5,5,5,4,5,6,3,6,4,5,5,2,6,4,4,5,4,3,9,7,99,114,64,70,366,,2023-06-01 11:36:13,1,0,7,7,0,0,1.24,17
613,"anonymous",,"Frag1","interview",2023-06-01 11:39:32,2,23,8,,3,-1,2,4,5,5,4,3,3,4,4,3,2,2,2,4,4,3,2,4,5,4,3,3,3,6,3,5,2,1,1,5,2,5,5,5,5,3,5,3,6,6,6,5,6,6,4,6,3,6,27,8,59,70,47,48,265,,2023-06-01 11:43:57,1,0,7,7,0,0,1.14,10
614,"anonymous",,"Frag1","interview",2023-06-01 11:50:36,2,23,8,,2,2,1,4,4,3,4,3,4,3,3,2,3,3,2,5,3,2,1,4,3,2,3,3,4,1,4,5,1,6,1,6,5,3,5,5,2,6,5,5,6,5,6,1,4,5,5,6,3,2,13,11,54,72,45,88,285,,2023-06-01 11:55:21,1,0,7,7,0,0,1.36,24
615,"anonymous",,"Frag1","interview",2023-06-01 11:57:49,1,20,7,,3,-1,1,3,4,5,4,3,2,4,1,3,2,2,5,4,5,4,1,4,6,3,3,2,3,6,3,6,5,4,4,4,4,5,2,4,6,6,3,4,6,2,4,1,4,6,4,6,2,2,10,10,63,70,45,52,252,,2023-06-01 12:02:01,1,0,7,7,0,0,1.48,27
616,"anonymous",,"Frag1","interview",2023-06-01 12:01:12,2,26,8,,3,-1,2,5,5,4,3,4,3,4,3,3,3,3,5,3,4,4,3,4,5,3,2,4,4,5,3,3,4,3,4,4,4,4,4,4,5,5,5,3,3,4,5,2,3,4,4,5,3,2,11,9,46,55,38,45,206,,2023-06-01 12:04:38,1,0,7,7,0,0,1.64,36
617,"anonymous",,"Frag1","interview",2023-06-01 12:11:28,2,23,8,,3,-1,2,3,4,3,2,2,2,3,4,4,2,2,1,5,4,4,2,3,5,2,3,4,6,5,5,6,6,4,6,4,3,6,3,2,5,6,5,2,6,6,5,6,3,5,5,6,6,4,17,8,51,51,39,56,226,,2023-06-01 12:15:14,1,0,7,7,0,0,1.36,19
618,"anonymous",,"Frag1","interview",2023-06-01 12:11:40,2,23,7,,3,-1,2,4,5,2,5,4,4,5,4,5,4,3,3,4,5,5,2,5,5,3,2,4,5,3,4,6,6,5,5,5,5,5,5,5,5,6,5,5,5,5,5,3,5,6,3,5,2,2,15,9,64,63,42,57,252,,2023-06-01 12:15:52,1,0,7,7,0,0,1.43,25
619,"anonymous",,"Frag1","interview",2023-06-01 12:15:13,1,24,7,,3,-1,1,5,5,4,4,4,4,4,5,3,3,4,5,4,4,4,2,3,5,3,2,4,2,5,3,5,4,4,5,3,4,5,5,5,5,4,3,6,5,5,3,3,6,3,3,6,4,3,10,11,63,88,44,54,273,,2023-06-01 12:19:46,1,0,7,7,0,0,1.33,18
620,"anonymous",,"Frag1","interview",2023-06-01 12:32:00,1,29,7,,2,-1,1,4,4,5,5,4,3,4,4,2,4,5,1,4,4,5,2,5,5,4,5,4,6,3,5,4,6,6,5,4,5,6,2,5,6,6,6,1,3,5,6,1,1,5,6,2,6,4,8,7,100,67,64,60,310,,2023-06-01 12:37:10,1,0,7,7,0,0,1.29,17
621,"anonymous",,"Frag1","interview",2023-06-01 12:43:52,2,25,7,,2,-1,1,4,4,2,2,3,4,4,2,2,3,1,3,4,4,5,1,6,5,3,5,2,4,5,4,5,6,5,4,5,5,5,5,5,6,6,5,6,4,6,6,2,6,4,4,5,2,28,19,21,87,113,69,108,445,,2023-06-01 12:51:17,1,0,7,7,0,0,0.64,0
622,"anonymous",,"Frag1","interview",2023-06-01 12:56:56,2,28,7,,3,-1,2,4,5,5,5,2,3,5,5,4,4,3,5,5,4,4,3,6,4,4,3,3,2,2,4,5,3,3,3,2,4,6,5,5,5,6,3,4,2,3,3,2,4,6,4,5,4,8,31,18,204,305,246,152,964,,2023-06-01 13:13:00,1,0,7,7,0,0,0.46,0
623,"anonymous",,"Frag1","interview",2023-06-01 13:28:51,2,23,8,,2,-1,2,5,5,4,5,3,2,4,3,4,4,4,4,3,2,3,1,4,5,5,2,4,1,4,2,5,4,5,4,5,4,5,5,6,5,4,3,4,5,5,4,4,4,6,6,6,5,10,15,12,72,85,61,65,320,,2023-06-01 13:34:11,1,0,7,7,0,0,0.92,0
624,"anonymous",,"Frag1","interview",2023-06-01 13:35:09,2,23,7,,2,1,1,5,5,3,4,4,1,4,4,3,4,3,5,4,4,4,2,4,5,3,4,4,5,5,4,6,5,5,4,5,5,5,4,5,5,5,4,3,6,3,4,3,5,5,4,6,2,13,12,9,65,66,34,39,238,,2023-06-01 13:39:07,1,0,7,7,0,0,1.23,15
625,"anonymous",,"Frag1","interview",2023-06-01 13:49:10,2,24,7,,3,3,1,4,5,4,3,3,4,4,3,3,4,4,4,4,4,4,2,4,5,3,2,4,4,4,2,6,6,5,5,5,5,6,6,4,5,5,4,6,6,6,3,3,6,4,4,4,2,2,5,6,45,48,35,40,181,,2023-06-01 13:52:11,1,0,7,7,0,0,2.03,55
628,"anonymous",,"Frag1","interview",2023-06-01 14:38:18,2,21,7,,3,-1,2,4,4,3,3,5,5,4,3,4,4,2,5,4,3,4,2,6,6,4,3,6,5,5,4,5,3,4,6,4,3,5,5,5,5,4,5,5,6,6,4,1,5,5,4,5,2,41,27,15,132,105,92,78,490,,2023-06-01 14:46:28,1,0,7,7,0,0,0.6,0
629,"anonymous",,"Frag1","interview",2023-06-01 15:24:40,2,32,8,,3,-1,1,4,4,5,5,3,4,4,5,4,5,4,5,6,6,5,1,4,5,2,4,3,1,5,1,6,4,4,5,4,4,5,6,5,4,5,3,4,6,6,5,4,4,4,5,6,6,10,9,8,49,59,78,57,270,,2023-06-01 15:29:10,1,0,7,7,0,0,1.2,14
630,"anonymous",,"Frag1","interview",2023-06-01 15:33:05,2,21,7,,2,-1,2,4,5,5,4,5,5,4,5,4,3,4,5,3,4,4,2,4,5,3,2,3,2,4,4,3,4,3,1,3,3,5,5,5,4,4,4,5,4,5,5,3,5,5,4,4,4,14,23,11,55,87,60,56,306,,2023-06-01 15:38:11,1,0,7,7,0,0,0.92,3
631,"anonymous",,"Frag1","interview",2023-06-01 15:53:35,2,23,7,,3,-1,2,5,5,5,5,3,1,3,3,3,4,1,5,3,3,5,1,4,5,1,4,3,1,3,1,6,4,1,1,4,6,2,5,6,1,3,1,6,6,6,5,6,6,2,1,6,3,32,17,9,64,87,65,65,339,,2023-06-01 15:59:14,1,0,7,7,0,0,0.88,2
632,"anonymous",,"Frag1","interview",2023-06-01 16:03:52,2,20,7,,2,-1,2,5,5,5,3,3,1,5,3,5,3,3,3,4,3,4,3,4,5,5,4,6,5,4,3,6,6,6,6,6,6,6,6,6,6,6,4,5,4,5,6,1,5,6,6,3,2,2,19,15,81,93,51,75,336,,2023-06-01 16:09:28,1,0,7,7,0,0,1.17,18
633,"anonymous",,"Frag1","interview",2023-06-01 16:55:00,2,20,7,,1,-1,2,3,4,4,4,3,3,3,2,2,3,3,3,3,2,4,2,3,3,2,3,4,2,4,2,4,3,2,3,2,4,5,4,4,4,3,3,5,2,5,5,4,5,4,4,5,4,5,12,10,54,100,48,52,281,,2023-06-01 16:59:41,1,0,7,7,0,0,1.18,10
634,"anonymous",,"Frag1","interview",2023-06-01 17:26:25,1,20,7,,3,-1,2,5,4,5,1,4,5,4,4,3,5,4,5,3,3,3,2,4,5,2,3,4,2,4,3,5,5,4,4,4,4,4,4,4,4,6,4,6,5,5,4,4,6,4,4,4,4,2,28,10,90,119,48,90,387,,2023-06-01 17:32:52,1,0,7,7,0,0,1.13,19
636,"anonymous",,"Frag1","interview",2023-06-01 17:46:35,2,23,7,,3,2,1,5,5,5,5,4,4,4,4,2,4,3,4,4,3,4,1,6,5,4,1,2,1,6,1,4,3,3,5,2,1,6,4,4,4,3,3,5,3,4,5,1,5,5,4,4,3,5,23,10,140,108,100,125,511,,2023-06-01 17:55:06,1,0,7,7,0,0,0.77,3
638,"anonymous",,"Frag1","interview",2023-06-01 18:30:35,2,25,7,,2,-1,2,5,4,4,3,4,3,4,3,3,5,4,5,6,3,3,4,3,3,4,3,3,1,5,3,4,4,2,4,2,4,4,4,3,4,3,2,4,4,3,2,2,5,4,2,5,2,4,13,132,81,6407,391,67,314,,2023-06-01 20:28:50,1,0,7,7,0,0,0.72,7
639,"anonymous",,"Frag1","interview",2023-06-01 19:13:45,2,20,7,,3,-1,2,4,5,4,4,3,4,3,5,2,3,4,4,4,3,5,4,5,5,4,4,2,4,5,3,6,5,3,2,4,4,5,4,5,5,4,2,5,6,3,3,3,5,5,4,1,2,60,13,10,74,345,1006,1290,572,,2023-06-01 20:00:23,1,0,7,7,0,0,0.51,1
640,"anonymous",,"Frag1","interview",2023-06-01 19:15:36,1,20,7,,3,-1,2,5,5,4,5,4,4,3,5,3,5,4,4,3,3,4,4,4,4,3,4,4,2,3,2,6,4,4,4,5,5,4,4,4,4,6,5,4,2,3,3,3,6,5,5,6,3,5,12,7,59,52,46,43,224,,2023-06-01 19:19:20,1,0,7,7,0,0,1.38,19
641,"anonymous",,"Frag1","interview",2023-06-01 19:57:04,1,24,8,,2,-1,2,5,3,5,5,2,3,4,4,1,4,1,4,5,5,6,4,5,6,3,2,2,2,2,2,6,6,6,5,5,6,5,2,4,4,6,5,6,3,5,5,6,6,6,6,6,6,2,9,9,47,53,45,42,207,,2023-06-01 20:00:31,1,0,7,7,0,0,1.67,37
642,"anonymous",,"Frag1","interview",2023-06-01 20:38:14,2,23,7,,2,-1,1,4,4,3,5,4,3,3,4,2,4,3,5,4,5,4,2,3,4,4,1,2,1,2,1,5,3,4,1,2,1,4,5,5,3,3,3,3,2,2,4,1,2,4,4,6,2,5,18,16,118,120,75,284,636,,2023-06-01 20:48:50,1,0,7,7,0,0,0.73,3
643,"anonymous",,"Frag1","interview",2023-06-01 20:45:28,2,40,8,,2,1,1,4,4,4,4,3,4,4,3,1,3,3,4,5,5,6,4,6,5,4,4,4,6,5,4,6,6,6,5,5,5,6,5,6,5,6,4,5,5,4,4,5,5,4,4,4,5,3,21,10,77,104,60,87,362,,2023-06-01 20:51:30,1,0,7,7,0,0,1.07,10
644,"anonymous",,"Frag1","interview",2023-06-01 20:49:14,2,20,7,,3,-1,2,4,4,2,3,4,3,4,2,2,2,2,4,4,3,5,3,4,6,2,3,4,3,5,4,6,5,4,4,5,5,5,5,5,5,5,5,6,5,6,6,2,6,4,2,5,1,5,11,11,126,241,142,81,617,,2023-06-01 20:59:31,1,0,7,7,0,0,0.83,5
645,"anonymous",,"Frag1","interview",2023-06-01 20:55:15,1,18,7,,2,-1,2,4,4,5,3,3,2,5,3,2,3,1,1,5,4,4,2,3,4,5,4,4,4,4,4,6,5,4,4,3,4,6,5,5,5,5,6,4,5,3,3,3,4,4,3,5,4,2,16,12,73,75,58,69,305,,2023-06-01 21:00:20,1,0,7,7,0,0,1.25,19
647,"anonymous",,"Frag1","interview",2023-06-02 07:36:32,2,31,8,,3,-1,2,5,4,5,5,4,2,5,5,3,4,2,4,4,3,4,3,5,5,5,2,3,3,3,3,6,6,6,5,5,4,6,6,6,6,6,3,2,3,2,4,1,2,4,3,4,2,8,10,8,58,110,37,64,295,,2023-06-02 07:41:27,1,0,7,7,0,0,1.16,11
649,"anonymous",,"Frag1","interview",2023-06-02 08:10:46,2,25,7,,3,-1,2,4,5,3,3,3,4,4,2,1,3,2,2,5,5,5,4,5,5,3,3,4,6,6,6,5,5,1,5,3,4,6,6,5,5,6,4,2,6,5,4,1,3,4,2,5,1,5,17,17,63,76,61,73,312,,2023-06-02 08:15:59,1,0,7,7,0,0,0.99,4
651,"anonymous",,"Frag1","interview",2023-06-02 08:36:58,1,26,8,,3,-1,1,5,4,5,5,4,4,4,5,5,5,4,5,2,1,3,1,2,3,1,1,1,1,2,1,4,4,3,3,4,1,2,4,1,2,4,4,6,6,6,6,4,6,6,6,6,6,4,11,11,69,93,73,102,363,,2023-06-02 08:43:01,1,0,7,7,0,0,1.05,8
652,"anonymous",,"Frag1","interview",2023-06-02 08:49:02,2,28,7,,1,-1,1,5,5,4,4,2,4,4,2,2,5,4,3,3,5,5,2,4,3,5,4,3,4,2,2,6,5,6,5,6,6,5,5,5,5,6,5,6,3,3,3,2,6,4,4,4,3,4,12,10,61,77,53,147,364,,2023-06-02 08:55:06,1,0,7,7,0,0,1.11,9
653,"anonymous",,"Frag1","interview",2023-06-02 08:57:15,2,24,8,,2,-1,2,3,5,5,4,5,5,5,2,1,4,2,3,6,6,6,2,5,6,4,5,5,6,5,4,6,6,6,3,6,6,6,1,6,6,6,4,5,5,5,6,1,6,4,4,6,2,2,22,16,64,84,38,94,320,,2023-06-02 09:02:35,1,0,7,7,0,0,1.22,22
654,"anonymous",,"Frag1","interview",2023-06-02 09:38:21,2,24,7,,3,-1,2,5,5,4,5,2,3,4,2,2,4,4,2,3,3,4,2,4,6,3,3,4,4,4,3,6,5,3,2,4,3,5,5,4,4,4,3,2,5,4,4,1,3,4,3,5,2,19,14,11,67,88,78,67,344,,2023-06-02 09:44:06,1,0,7,7,0,0,0.87,1
656,"anonymous",,"Frag1","interview",2023-06-02 09:46:24,2,24,8,,3,-1,1,4,4,4,4,3,3,4,2,2,4,4,2,4,6,6,2,5,6,2,5,4,5,5,5,5,5,5,5,5,5,5,5,5,5,6,5,5,4,3,3,1,5,2,2,2,2,5,12,9,43,53,41,44,207,,2023-06-02 09:49:51,1,0,7,7,0,0,1.41,20
659,"anonymous",,"Frag1","interview",2023-06-02 10:21:58,2,27,8,,3,3,1,3,5,3,5,4,5,4,3,1,3,4,1,5,5,6,3,6,6,2,5,6,6,5,5,6,6,6,5,6,6,6,6,6,6,6,6,2,5,3,5,4,2,4,4,5,2,2,12,8,56,66,40,68,252,,2023-06-02 10:26:10,1,0,7,7,0,0,1.49,28
660,"anonymous",,"Frag1","interview",2023-06-02 10:36:56,2,26,8,,3,-1,1,5,4,4,4,4,2,3,4,3,3,1,4,2,4,3,1,2,5,1,2,3,1,4,3,4,4,1,1,3,2,6,6,6,6,6,2,3,6,3,4,1,2,1,1,5,1,7,11,12,78,88,64,76,336,,2023-06-02 10:42:32,1,0,7,7,0,0,0.97,3
661,"anonymous",,"Frag1","interview",2023-06-02 10:41:52,2,23,8,,3,-1,2,4,5,4,4,4,2,4,4,3,3,3,2,5,4,5,2,4,5,5,4,4,5,5,4,5,5,2,5,4,2,5,5,5,5,4,4,4,5,3,4,1,4,4,3,4,4,2,7,5,38,52,37,41,182,,2023-06-02 10:44:54,1,0,7,7,0,0,1.96,52
662,"anonymous",,"Frag1","interview",2023-06-02 11:27:36,2,21,7,,3,-1,2,5,4,5,3,3,4,4,4,4,4,2,5,3,3,5,3,4,5,3,4,3,4,4,3,6,4,4,4,4,4,5,5,5,6,6,5,5,6,5,6,2,5,3,4,6,4,8,57,37,138,160,96,123,619,,2023-06-02 11:37:55,1,0,7,7,0,0,0.51,0
663,"anonymous",,"Frag1","interview",2023-06-02 12:23:56,2,27,7,,3,2,1,4,4,4,3,3,4,5,2,2,2,3,2,6,5,5,5,5,5,5,6,6,5,4,4,5,6,4,5,4,5,6,2,4,6,5,1,3,3,3,5,4,4,5,4,5,4,7,16,13,112,126,89,116,479,,2023-06-02 12:31:55,1,0,7,7,0,0,0.74,0
667,"anonymous",,"Frag1","interview",2023-06-02 15:43:39,2,23,7,,2,-1,2,5,4,3,4,4,2,3,4,2,3,2,3,5,3,6,3,5,5,5,3,5,4,4,5,6,6,5,4,5,5,6,6,4,5,6,4,4,3,3,5,3,5,5,4,6,4,11,10,12,93,111,64,72,373,,2023-06-02 15:49:53,1,0,7,7,0,0,0.9,4
670,"anonymous",,"Frag1","interview",2023-06-03 08:56:01,1,30,8,,2,-1,2,5,5,5,5,3,2,3,5,2,2,5,4,4,1,4,1,4,4,1,3,3,4,1,4,6,6,4,3,6,6,6,6,6,6,6,3,1,1,4,6,6,3,6,4,6,6,12,13,12,90,248,6185,93,523,,2023-06-03 10:46:54,1,0,7,7,0,0,0.63,1
671,"anonymous",,"Frag1","interview",2023-06-03 18:34:06,1,40,8,,3,-1,2,5,4,1,4,3,3,4,5,2,2,2,5,5,3,4,1,6,6,3,2,1,4,5,1,6,6,6,2,6,6,6,5,6,6,6,2,2,1,2,4,1,5,1,2,3,1,6,10,11,69,68,47,53,264,,2023-06-03 18:38:30,1,0,7,7,0,0,1.18,10
672,"anonymous",,"Frag1","interview",2023-06-03 20:55:42,2,20,7,,3,-1,2,4,5,4,4,2,2,5,4,3,3,4,4,4,4,3,1,4,5,2,3,3,1,3,2,4,2,4,5,4,2,6,3,6,6,6,2,4,6,6,5,2,5,4,2,6,4,3,15,8,67,97,49,62,301,,2023-06-03 21:00:43,1,0,7,7,0,0,1.24,13
673,"anonymous",,"Frag1","interview",2023-06-04 06:30:08,2,23,7,,3,-1,2,5,4,4,5,3,2,4,4,3,4,3,3,4,3,5,2,4,4,2,5,4,3,5,3,4,3,2,4,3,4,4,4,5,3,4,5,4,5,4,6,5,4,6,5,6,5,3,11,9,56,68,47,56,250,,2023-06-04 06:34:18,1,0,7,7,0,0,1.38,19
674,"anonymous",,"Frag1","interview",2023-06-04 13:55:40,2,52,8,,2,-1,1,5,4,5,5,4,3,4,5,3,4,4,5,5,4,6,2,5,6,2,4,4,3,4,3,6,4,6,4,4,5,5,4,6,4,6,4,4,6,4,4,3,4,3,3,6,3,3,23,10,56,72,55,73,292,,2023-06-04 14:00:32,1,0,7,7,0,0,1.19,13
675,"anonymous",,"Frag1","interview",2023-06-04 15:03:26,2,28,8,,2,1,1,3,2,3,3,2,2,3,2,2,2,2,3,4,4,5,4,5,5,4,4,4,2,4,4,5,4,4,2,4,5,4,3,4,5,6,3,3,1,1,3,4,4,4,4,5,3,11,22,11,67,90,57,64,322,,2023-06-04 15:08:48,1,0,7,7,0,0,0.89,1
676,"anonymous",,"Frag1","interview",2023-06-04 21:16:18,2,21,7,,1,-1,2,5,3,3,3,1,1,4,3,3,4,4,3,5,3,4,1,3,4,4,4,4,3,4,3,4,4,3,3,4,4,4,4,4,4,4,2,4,4,5,5,4,5,5,5,5,5,4,11,7,46,75,33,46,222,,2023-06-04 21:20:01,1,0,7,7,0,0,1.48,24
678,"anonymous",,"Frag1","interview",2023-06-05 08:52:27,2,25,7,,3,-1,1,4,4,5,4,3,3,3,2,1,2,4,2,4,4,3,5,5,4,5,4,2,5,6,5,3,5,2,2,2,1,6,5,3,4,5,2,1,5,1,6,2,4,6,5,5,5,7,10,9,85,100,75,91,377,,2023-06-05 08:58:44,1,0,7,7,0,0,0.97,4
679,"anonymous",,"Frag1","interview",2023-06-05 11:55:27,2,23,8,,3,-1,2,5,4,4,4,5,3,4,3,3,2,1,5,3,2,5,1,6,5,6,3,5,1,6,5,4,2,4,5,5,2,4,6,6,5,4,5,1,6,3,6,1,2,6,2,6,1,3,22,42,92,121,96,88,464,,2023-06-05 12:03:11,1,0,7,7,0,0,0.86,10
680,"anonymous",,"Frag1","interview",2023-06-05 12:41:40,2,43,8,,1,-1,1,4,5,5,3,2,2,4,5,3,3,3,3,4,5,6,2,6,6,6,5,5,5,6,4,6,6,5,5,6,5,5,6,5,6,6,5,5,6,5,2,1,5,1,1,5,1,8,24,12,65,75,54,66,304,,2023-06-05 12:46:45,1,0,7,7,0,0,0.94,2
681,"anonymous",,"Frag1","interview",2023-06-05 18:37:52,1,21,7,,1,-1,1,5,5,5,3,2,2,4,4,4,4,4,4,2,4,3,1,4,5,3,2,4,4,5,4,4,5,2,5,2,3,4,4,2,6,5,1,5,6,6,2,4,5,4,4,6,2,4,17,14,103,148,82,72,440,,2023-06-05 18:45:12,1,0,7,7,0,0,0.89,5
682,"anonymous",,"Frag1","interview",2023-06-06 09:13:25,2,22,7,,2,-1,1,4,4,5,4,4,3,4,4,3,5,4,5,2,2,3,3,4,5,3,1,4,3,2,3,5,3,5,4,3,2,4,5,3,2,5,5,4,6,6,3,3,4,2,5,6,3,21,33,13,93,127,84,144,515,,2023-06-06 09:22:00,1,0,7,7,0,0,0.59,0