"";"CASE";"A001";"A002_01";"A010";"A010_09";"A014";"A016";"A015";"A101_04";"A101_09";"A101_14";"A101_19";"A101_24";"A101_29";"A101_34";"A101_39";"A101_44";"A101_49";"A101_54";"A101_59";"A201_01";"A201_02";"A201_03";"A201_04";"A201_05";"A201_06";"A201_07";"A201_08";"A201_09";"A201_10";"A201_11";"A201_12";"A202_01";"A202_02";"A202_03";"A202_04";"A202_05";"A202_06";"A202_07";"A202_08";"A202_09";"A202_10";"A202_11";"A203_01";"A203_02";"A203_03";"A203_04";"A203_05";"A203_06";"A203_07";"A203_08";"A203_09";"A203_10";"A203_11";"FINISHED";"verträglichkeitmittel";"machtmittel";"leistungsmittel";"abhängigkeitsmittel"
"1";5;2;28;7;NA;1;-1;1;4;4;2;4;3;3;4;2;1;2;3;1;5;5;6;5;6;6;5;5;5;6;5;6;5;5;5;5;3;4;5;4;5;6;5;5;2;5;6;4;1;3;2;2;5;2;1;2,75;5,41666666666667;4,72727272727273;3,36363636363636
"2";7;1;21;7;NA;1;-1;2;3;4;3;2;3;2;4;4;4;3;4;4;4;4;4;2;6;6;3;3;3;4;4;3;5;5;5;4;5;5;5;5;5;5;5;4;5;6;5;3;2;4;2;3;6;3;1;3,33333333333333;3,83333333333333;4,90909090909091;3,90909090909091
"3";22;1;22;7;NA;1;2;1;3;5;4;5;2;3;3;4;4;4;4;5;3;2;4;1;4;4;3;1;4;1;2;4;4;5;4;4;4;4;3;3;3;4;6;4;4;6;5;5;3;5;6;5;5;3;1;3,83333333333333;2,75;4;4,63636363636364
"4";23;2;23;7;NA;1;-1;1;4;4;5;4;4;2;4;2;2;3;2;3;3;4;4;2;6;5;3;3;4;3;5;4;5;4;3;4;5;4;4;5;4;3;4;2;2;2;3;3;3;4;5;4;4;3;1;3,25;3,83333333333333;4,09090909090909;3,18181818181818
"5";24;1;20;7;NA;1;-1;2;5;4;5;5;5;2;5;5;4;4;4;2;5;4;6;2;6;4;6;2;6;2;6;6;6;6;4;5;5;6;5;5;5;6;6;6;4;4;1;6;2;6;6;4;6;3;1;4,16666666666667;4,58333333333333;5,36363636363636;4,36363636363636
"6";25;3;34;2;NA;3;-1;1;1;1;1;1;1;1;1;1;1;1;1;1;1;6;6;6;6;1;6;6;6;6;1;6;1;1;1;6;1;1;1;1;1;1;1;1;6;6;6;1;1;1;1;1;1;1;1;1;4,75;1,45454545454545;2,36363636363636
"7";27;1;27;7;NA;1;-1;2;5;5;4;5;3;3;4;5;4;5;3;3;5;4;4;3;4;4;3;3;4;2;4;4;4;3;4;4;3;2;5;5;4;6;4;4;5;4;3;5;4;4;4;5;4;4;1;4,08333333333333;3,66666666666667;4;4,18181818181818
"8";30;2;25;8;NA;1;-1;1;5;4;3;5;5;1;4;4;4;5;4;5;4;1;6;1;5;5;4;6;1;3;1;2;6;6;6;2;3;5;5;6;6;6;6;6;6;3;2;6;1;6;6;6;6;6;1;4,08333333333333;3,25;5,18181818181818;4,90909090909091
"9";31;2;24;8;NA;3;-1;2;5;5;5;4;5;4;5;5;2;4;4;4;1;4;5;2;4;5;4;5;4;2;5;3;5;4;4;2;3;4;5;6;6;6;3;2;5;4;4;2;2;6;4;3;5;2;1;4,33333333333333;3,66666666666667;4,36363636363636;3,54545454545455
"10";33;2;25;7;NA;2;-1;2;5;5;4;4;3;2;4;4;3;4;4;4;3;2;4;1;5;5;3;2;4;4;3;3;6;4;2;2;3;5;3;2;4;5;5;3;5;5;6;6;6;6;6;6;6;5;1;3,83333333333333;3,25;3,72727272727273;5,45454545454545
"11";34;2;23;7;NA;1;-1;1;4;5;4;4;1;1;4;4;3;4;2;1;5;4;5;2;5;5;6;4;4;6;5;5;6;6;6;4;5;5;6;5;6;6;6;3;4;5;3;5;1;5;6;6;6;6;1;3,08333333333333;4,66666666666667;5,54545454545455;4,54545454545455
"12";36;1;30;7;NA;1;-1;2;5;5;4;4;3;4;4;4;4;5;2;4;5;5;4;2;4;5;4;4;5;2;5;1;5;5;4;6;6;5;6;4;5;6;6;4;4;2;3;3;2;4;5;4;3;2;1;4;3,83333333333333;5,27272727272727;3,27272727272727
"13";37;2;26;7;NA;1;-1;1;4;4;3;5;4;4;5;2;2;3;2;2;3;2;5;4;5;5;2;5;5;6;5;4;6;6;5;5;5;5;4;3;4;5;6;2;4;6;5;4;2;3;6;5;6;5;1;3,33333333333333;4,25;4,90909090909091;4,36363636363636
"14";38;2;22;7;NA;1;-1;2;5;4;4;4;3;2;4;5;4;5;4;4;5;3;3;2;4;3;3;3;4;3;2;3;6;5;4;2;4;4;5;5;4;4;5;4;5;5;3;3;4;6;5;5;5;4;1;4;3,16666666666667;4,36363636363636;4,45454545454545
"15";40;2;26;7;NA;1;-1;1;5;5;5;4;4;4;4;5;3;4;2;5;3;3;4;2;4;4;5;4;5;4;4;3;4;3;2;3;5;3;4;5;4;5;3;5;6;5;4;4;3;5;5;3;5;2;1;4,16666666666667;3,75;3,72727272727273;4,27272727272727
"16";41;2;23;8;NA;2;-1;2;5;3;4;4;3;3;3;4;4;3;2;4;4;4;4;2;4;5;3;2;4;2;4;2;6;4;5;4;5;5;4;4;4;4;6;5;5;5;5;4;4;5;6;6;6;6;1;3,5;3,33333333333333;4,63636363636364;5,18181818181818
"17";43;2;23;7;NA;2;-1;2;4;4;4;2;4;2;5;5;2;4;2;2;3;4;5;2;5;6;3;4;4;3;6;4;6;6;4;5;2;4;5;2;5;6;5;6;2;4;6;6;1;2;6;4;5;5;1;3,33333333333333;4,08333333333333;4,54545454545455;4,27272727272727
"18";45;2;21;7;NA;1;-1;2;4;3;4;5;3;2;5;4;2;3;1;4;3;4;4;2;5;6;6;3;5;3;6;3;5;3;4;2;6;5;4;5;5;5;6;5;4;6;5;6;2;4;5;6;6;3;1;3,33333333333333;4,16666666666667;4,54545454545455;4,72727272727273
"19";46;2;22;7;NA;1;-1;2;4;4;4;4;2;2;4;2;3;3;3;3;4;4;3;2;4;5;2;3;4;4;5;2;5;4;4;4;4;3;5;5;4;4;4;3;5;3;3;4;2;5;3;4;4;3;1;3,16666666666667;3,5;4,18181818181818;3,54545454545455
"20";47;2;25;7;NA;3;-1;1;5;5;3;5;3;4;4;3;4;5;3;2;4;4;4;1;4;5;3;4;5;5;5;3;5;3;3;5;3;4;5;4;5;4;4;6;3;6;2;5;3;3;5;5;6;4;1;3,83333333333333;3,91666666666667;4,09090909090909;4,36363636363636
"21";49;2;26;7;NA;2;-1;1;4;4;2;4;3;2;4;4;3;4;2;4;4;5;5;2;5;5;3;4;2;3;5;4;5;5;5;5;5;5;6;6;6;4;5;5;6;5;5;5;2;6;6;5;6;5;1;3,33333333333333;3,91666666666667;5,18181818181818;5,09090909090909
"22";50;2;21;8;NA;1;-1;2;5;5;4;4;4;4;4;3;3;4;5;5;4;5;4;2;4;6;3;1;4;3;5;4;5;5;4;5;3;3;5;5;5;5;5;1;6;6;5;3;2;6;3;2;5;2;1;4,16666666666667;3,75;4,54545454545455;3,72727272727273
"23";53;2;27;8;NA;1;-1;2;4;4;3;5;3;5;4;4;2;4;5;4;5;5;5;1;5;5;4;2;4;4;4;4;5;6;4;4;6;5;4;5;5;6;6;5;3;4;1;3;2;2;5;5;4;3;1;3,91666666666667;4;5,09090909090909;3,36363636363636
"24";54;1;20;7;NA;2;-1;2;5;4;5;5;4;3;4;5;3;4;2;4;1;3;4;3;5;3;2;1;5;2;3;2;5;5;3;4;4;5;5;4;4;6;6;5;5;6;5;6;6;5;6;5;6;6;1;4;2,83333333333333;4,63636363636364;5,54545454545455
"25";56;2;24;7;NA;3;-1;2;5;5;5;5;4;4;5;5;5;5;3;5;2;4;2;1;5;5;3;2;5;2;5;2;6;6;4;4;5;3;6;5;5;6;6;6;6;5;2;5;6;6;6;6;5;5;1;4,66666666666667;3,16666666666667;5,09090909090909;5,27272727272727
"26";58;2;21;7;NA;3;-1;1;4;4;3;1;4;3;3;2;3;4;3;2;5;5;5;2;4;5;3;5;5;5;3;4;5;3;3;3;5;3;3;5;4;5;6;2;6;3;3;5;5;6;5;4;4;2;1;3;4,25;4,09090909090909;4,09090909090909
"27";59;2;29;7;NA;2;-1;1;5;4;4;5;4;4;5;4;3;4;3;3;4;4;5;3;5;5;4;3;4;4;4;4;5;4;4;5;4;3;5;5;5;5;5;4;5;5;5;4;5;5;4;4;5;3;1;4;4,08333333333333;4,54545454545455;4,45454545454545
"28";60;2;26;8;NA;3;-1;1;5;4;5;4;4;4;4;4;3;4;3;5;4;1;4;1;4;5;2;2;4;3;4;4;6;5;5;6;4;4;4;5;4;5;5;3;3;4;4;4;2;4;5;4;5;4;1;4,08333333333333;3,16666666666667;4,81818181818182;3,81818181818182
"29";61;1;20;7;NA;1;-1;2;5;5;5;4;1;1;5;4;3;4;1;2;4;3;3;4;5;3;6;6;6;5;2;6;5;3;3;4;3;3;4;5;2;5;5;5;6;6;6;6;3;6;6;2;6;4;1;3,33333333333333;4,41666666666667;3,81818181818182;5,09090909090909
"30";63;2;26;7;NA;2;1;1;5;4;4;5;3;3;4;3;2;5;2;3;5;3;5;4;5;4;4;4;3;4;4;4;6;5;5;4;3;5;5;5;5;6;6;5;5;2;2;5;2;6;5;4;6;5;1;3,58333333333333;4,08333333333333;5;4,27272727272727
"31";65;2;26;7;NA;2;-1;1;5;5;4;4;4;3;5;4;4;4;3;4;3;4;4;1;4;4;3;3;3;2;4;2;5;4;3;3;4;3;4;6;5;4;5;3;2;6;6;5;2;3;5;4;5;2;1;4,08333333333333;3,08333333333333;4,18181818181818;3,90909090909091
"32";66;2;20;7;NA;1;-1;2;1;1;1;1;1;1;3;1;1;1;1;1;6;4;6;6;6;6;6;6;6;6;6;6;6;6;6;6;6;6;6;6;6;6;6;6;3;6;4;6;2;2;3;2;6;2;1;1,16666666666667;5,83333333333333;6;3,81818181818182
"33";67;1;23;8;NA;1;-1;1;4;3;5;4;4;3;4;3;3;4;3;4;3;4;4;2;3;4;3;2;2;3;5;2;5;4;6;4;4;5;4;5;3;5;6;3;3;5;3;4;3;4;4;4;5;4;1;3,66666666666667;3,08333333333333;4,63636363636364;3,81818181818182
"34";68;1;25;8;NA;1;-1;1;4;5;4;5;3;2;3;4;2;2;3;4;4;2;4;3;3;5;1;1;3;4;5;3;5;5;4;5;4;5;5;6;6;6;6;4;6;3;5;6;4;6;5;5;4;6;1;3,41666666666667;3,16666666666667;5,18181818181818;4,90909090909091
"35";69;1;23;7;NA;1;-1;1;3;3;2;3;4;2;4;2;4;4;1;4;4;6;4;2;5;6;3;3;3;5;4;4;5;4;6;6;6;5;5;5;4;5;6;4;4;3;3;4;2;4;3;2;5;3;1;3;4,08333333333333;5,18181818181818;3,36363636363636
"36";70;1;24;7;NA;3;2;1;4;4;4;5;2;4;3;2;4;3;2;5;2;2;3;2;4;6;2;2;4;1;2;1;4;3;3;2;2;2;5;3;2;4;5;4;4;6;4;4;6;4;5;5;6;4;1;3,5;2,58333333333333;3,18181818181818;4,72727272727273
"37";71;2;22;9;"B.Sc.";1;-1;2;2;3;4;4;2;1;2;2;3;4;1;4;4;1;5;2;5;5;2;4;3;1;6;4;6;6;5;5;6;5;5;4;5;6;6;2;1;5;5;3;1;2;2;4;6;2;1;2,66666666666667;3,5;5,36363636363636;3
"38";72;1;26;7;NA;1;-1;1;5;5;3;3;4;2;4;4;3;3;4;5;3;5;5;1;4;6;2;4;4;1;3;3;4;2;4;2;4;3;6;6;6;6;5;3;6;3;1;5;5;6;5;2;5;3;1;3,75;3,41666666666667;4,36363636363636;4
"39";74;1;23;8;NA;1;-1;2;5;4;3;2;3;2;4;5;4;5;2;2;5;2;5;4;6;6;3;5;5;6;6;6;6;6;3;5;6;6;6;5;6;6;6;3;6;6;6;3;1;5;1;3;6;1;1;3,41666666666667;4,91666666666667;5,54545454545455;3,72727272727273
"40";75;2;25;7;NA;3;-1;1;5;4;2;4;5;2;3;3;2;2;4;2;4;2;4;6;5;4;1;1;2;5;4;3;6;6;6;1;4;6;5;4;3;4;6;2;6;6;5;6;6;6;6;6;6;4;1;3,16666666666667;3,41666666666667;4,63636363636364;5,36363636363636
"41";76;2;22;8;NA;3;-1;2;5;5;5;5;4;3;4;4;5;4;2;2;4;5;3;1;5;5;3;4;4;5;6;5;5;5;5;4;4;3;5;5;6;5;4;5;4;6;6;5;1;4;5;4;6;2;1;4;4,16666666666667;4,63636363636364;4,36363636363636
"42";78;2;26;7;NA;1;-1;2;5;5;4;5;3;3;4;4;3;5;3;5;3;3;3;2;4;3;3;2;3;3;4;4;3;3;3;3;2;3;4;5;3;4;3;4;3;5;5;5;3;4;4;4;6;5;1;4,08333333333333;3,08333333333333;3,27272727272727;4,36363636363636
"43";79;2;26;7;NA;1;-1;2;3;2;3;2;2;2;2;2;1;2;1;3;4;6;5;3;4;4;5;4;5;1;6;4;2;3;1;3;3;3;5;5;2;4;2;4;2;5;2;3;1;3;6;6;6;4;1;2,08333333333333;4,25;3;3,81818181818182
"44";80;2;23;9;"Bachelor of Arts";3;-1;2;5;5;3;3;2;1;3;2;3;5;3;4;4;3;5;2;4;4;3;2;2;5;1;3;5;3;6;4;3;4;4;1;4;3;5;4;5;5;3;4;3;4;6;6;6;3;1;3,25;3,16666666666667;3,81818181818182;4,45454545454545
"45";82;1;20;7;NA;2;-1;2;5;5;5;5;4;3;4;5;3;4;4;4;4;3;3;2;4;5;2;5;4;3;5;3;5;5;4;5;4;4;5;4;4;4;5;4;5;6;6;5;4;5;6;4;5;2;1;4,25;3,58333333333333;4,45454545454545;4,72727272727273
"46";83;1;21;7;NA;2;-1;2;5;4;3;4;3;2;4;2;4;3;1;3;4;4;3;2;4;5;3;4;5;3;5;5;4;4;3;2;4;3;4;5;4;5;2;5;1;6;5;5;5;2;5;5;6;5;1;3,16666666666667;3,91666666666667;3,63636363636364;4,54545454545455
"47";84;1;24;7;NA;3;-1;2;4;3;2;4;4;2;3;5;3;4;3;5;3;2;2;1;3;2;2;2;2;1;2;3;6;5;4;4;4;5;4;2;3;2;6;2;3;4;3;4;2;3;4;4;5;2;1;3,5;2,08333333333333;4,09090909090909;3,27272727272727
"48";85;2;23;8;NA;1;-1;2;4;4;2;2;3;2;4;2;2;3;4;3;4;3;4;2;3;4;4;2;3;3;3;4;5;4;4;3;3;4;5;4;2;5;4;2;2;3;5;4;3;4;4;5;5;4;1;2,91666666666667;3,25;3,90909090909091;3,72727272727273
"49";86;2;23;8;NA;2;-1;2;5;5;4;5;4;4;5;4;2;4;2;2;4;3;5;1;4;5;6;5;4;4;3;4;5;3;5;2;3;3;6;6;5;5;6;6;6;3;5;6;2;6;6;5;4;3;1;3,83333333333333;4;4,45454545454545;4,72727272727273
"50";88;1;29;8;NA;2;-1;2;5;5;5;5;5;4;5;4;4;5;4;5;1;2;5;1;3;5;4;4;5;2;5;2;6;4;6;2;6;6;5;5;5;5;6;4;2;5;4;5;2;3;5;2;6;4;1;4,66666666666667;3,25;5,09090909090909;3,81818181818182
"51";89;2;25;8;NA;1;-1;1;4;4;5;3;2;1;4;2;1;2;3;2;5;4;6;4;5;6;2;5;5;4;5;5;3;4;5;3;5;4;6;2;3;5;3;5;3;3;5;5;1;4;4;2;5;2;1;2,75;4,66666666666667;3,90909090909091;3,54545454545455
"52";90;1;23;8;NA;2;-1;2;5;5;5;4;4;5;4;4;3;4;4;5;2;3;5;2;5;5;4;2;5;4;6;2;6;6;4;5;5;6;5;5;4;6;6;5;6;5;5;6;4;6;4;4;6;5;1;4,33333333333333;3,75;5,27272727272727;5,09090909090909
"53";92;2;23;7;NA;3;-1;2;4;5;4;5;4;3;4;4;3;3;3;4;3;2;3;1;3;4;2;2;3;2;4;2;4;4;3;4;3;3;4;4;4;4;3;4;6;4;6;4;3;5;5;5;4;4;1;3,83333333333333;2,58333333333333;3,63636363636364;4,54545454545455
"54";116;2;24;7;NA;1;-1;2;5;5;3;4;3;2;4;2;1;3;5;4;4;4;5;2;4;5;4;5;4;2;5;3;5;4;4;3;5;4;5;5;5;5;6;3;5;4;3;2;1;4;1;1;1;2;1;3,41666666666667;3,91666666666667;4,63636363636364;2,45454545454545
"55";118;2;26;8;NA;1;-1;1;4;3;3;5;2;4;4;5;3;3;3;4;4;3;4;3;4;5;4;2;1;2;5;4;4;4;5;2;2;2;6;6;5;5;4;2;2;2;5;3;2;4;4;4;1;1;1;3,58333333333333;3,41666666666667;4,09090909090909;2,72727272727273
"56";119;1;23;7;NA;2;-1;2;5;5;4;3;3;3;4;4;3;4;2;3;5;3;5;2;4;5;2;3;5;4;4;4;5;4;4;5;4;2;4;6;5;5;6;4;5;6;4;5;5;5;4;4;6;2;1;3,58333333333333;3,83333333333333;4,54545454545455;4,54545454545455
"57";120;2;29;7;NA;3;-1;1;4;4;2;5;2;1;3;4;4;3;1;1;6;6;3;1;3;1;6;5;1;2;4;5;2;1;1;5;1;1;6;5;6;1;1;2;6;6;6;6;1;6;6;1;6;6;1;2,83333333333333;3,58333333333333;2,72727272727273;4,72727272727273
"58";122;1;19;7;NA;3;-1;2;4;3;4;2;4;4;3;4;3;4;3;4;4;3;5;3;5;5;3;3;4;3;3;3;5;5;3;3;3;4;5;4;5;5;5;4;4;3;2;4;4;4;5;3;4;4;1;3,5;3,66666666666667;4,27272727272727;3,72727272727273
"59";124;1;21;7;NA;1;-1;2;5;5;5;4;4;3;5;3;3;4;3;3;4;4;5;1;5;6;5;3;4;6;5;5;6;6;3;3;6;6;5;5;5;6;6;4;3;1;1;6;1;6;5;4;5;2;1;3,91666666666667;4,41666666666667;5,18181818181818;3,45454545454545
"60";126;2;23;7;NA;1;-1;1;4;4;5;5;3;2;3;4;2;3;4;3;5;3;5;4;4;6;6;3;4;3;4;2;5;3;3;3;2;2;5;4;3;4;6;2;2;5;6;6;3;6;1;6;6;4;1;3,5;4,08333333333333;3,63636363636364;4,27272727272727
"61";128;2;23;8;NA;1;2;1;3;2;5;4;4;2;5;3;2;1;1;3;3;1;6;1;6;6;3;6;5;5;2;3;6;6;6;6;6;6;6;6;6;6;6;1;1;6;6;6;6;1;5;1;6;2;1;2,91666666666667;3,91666666666667;6;3,72727272727273
"62";129;2;21;7;NA;2;-1;2;5;5;5;4;4;4;4;4;2;5;3;4;5;4;5;1;5;5;4;3;4;4;2;2;5;5;4;5;3;4;4;5;6;3;5;2;3;5;6;4;3;3;5;4;5;4;1;4,08333333333333;3,66666666666667;4,45454545454545;4
"63";131;1;22;7;NA;1;-1;1;4;5;5;4;4;4;4;5;3;4;4;5;4;3;4;2;5;5;2;2;3;3;4;4;5;4;5;4;4;4;5;5;5;5;5;3;4;3;4;4;3;4;4;3;4;4;1;4,25;3,41666666666667;4,63636363636364;3,63636363636364
"64";134;2;23;8;NA;1;-1;1;4;5;3;4;2;2;4;4;3;3;2;4;4;4;4;2;5;5;2;4;4;2;3;3;5;4;4;4;5;5;5;6;4;3;5;3;4;6;6;3;4;4;5;4;6;4;1;3,33333333333333;3,5;4,54545454545455;4,45454545454545
"65";136;2;22;7;NA;1;-1;2;5;4;4;3;4;3;4;3;4;3;2;4;2;3;4;1;4;5;4;4;4;2;5;2;5;4;4;4;4;3;4;4;5;5;5;4;3;4;4;5;3;3;3;2;1;2;1;3,58333333333333;3,33333333333333;4,27272727272727;3,09090909090909
"66";137;2;20;7;NA;1;-1;2;3;4;2;4;2;3;3;2;3;2;3;3;3;2;4;2;3;3;2;4;4;4;3;4;4;5;2;5;2;4;3;2;3;5;3;4;5;3;2;5;5;6;6;5;5;5;1;2,83333333333333;3,16666666666667;3,45454545454545;4,63636363636364
"67";138;2;26;8;NA;1;-1;2;4;4;4;2;1;2;3;2;2;2;1;3;5;4;4;3;3;5;5;2;2;3;2;4;5;6;4;5;3;3;4;5;5;5;6;3;3;5;6;5;1;4;5;5;5;1;1;2,5;3,5;4,63636363636364;3,90909090909091
"68";139;2;29;8;NA;3;-1;1;4;5;3;5;5;4;5;4;3;3;3;1;5;4;5;1;5;5;5;5;4;6;6;4;4;2;4;5;4;4;5;5;5;4;5;3;3;1;5;4;1;2;4;1;6;2;1;3,75;4,58333333333333;4,27272727272727;2,90909090909091
"69";140;2;33;7;NA;2;-1;1;4;4;5;5;5;2;3;4;3;4;1;5;3;5;3;1;3;4;3;2;1;1;1;1;6;3;6;5;6;4;5;5;5;5;5;3;1;3;2;4;1;1;3;1;4;1;1;3,75;2,33333333333333;5;2,18181818181818
"70";142;2;25;7;NA;1;2;1;5;5;4;3;4;3;4;4;4;4;3;5;4;3;4;1;4;5;2;2;3;2;3;3;6;4;4;5;3;3;5;5;5;5;6;3;2;6;6;3;1;2;4;5;5;5;1;4;3;4,63636363636364;3,81818181818182
"71";144;2;22;7;NA;2;-1;2;5;4;4;4;4;4;4;2;3;3;4;5;5;3;4;2;4;5;4;3;3;2;4;4;6;6;4;4;5;5;5;5;5;6;6;3;3;5;4;5;2;5;5;4;6;4;1;3,83333333333333;3,58333333333333;5,18181818181818;4,18181818181818
"72";146;2;22;7;NA;1;-1;2;4;3;4;4;4;2;4;4;3;3;3;4;4;3;2;2;4;5;2;3;4;2;4;2;3;3;3;3;2;2;4;4;2;4;3;3;5;2;2;4;5;5;5;5;5;5;1;3,5;3,08333333333333;3;4,18181818181818
"73";147;2;25;8;NA;1;-1;2;2;3;1;5;2;4;2;1;3;2;1;2;6;6;6;5;5;6;6;6;4;5;6;5;5;5;5;3;5;6;5;3;3;4;4;4;5;2;5;5;3;6;6;6;2;6;1;2,33333333333333;5,5;4,36363636363636;4,54545454545455
"74";150;1;25;8;NA;1;-1;2;3;4;4;4;3;2;3;4;2;3;3;4;4;3;4;2;3;3;4;3;3;2;4;3;4;2;3;3;3;3;4;4;3;3;4;4;4;6;4;4;4;4;4;3;6;3;1;3,25;3,16666666666667;3,27272727272727;4,18181818181818
"75";151;2;21;8;NA;3;-1;2;5;5;4;5;5;5;5;4;5;5;4;4;1;2;1;1;5;5;2;1;2;6;6;5;3;3;3;3;4;2;6;2;5;1;6;5;5;4;2;3;3;5;3;6;2;5;1;4,66666666666667;3,08333333333333;3,45454545454545;3,90909090909091
"76";153;2;22;7;NA;1;-1;2;5;5;5;4;4;3;4;4;3;4;4;4;2;3;4;1;4;4;1;2;4;4;4;3;5;5;4;5;4;4;6;5;5;6;5;2;3;5;1;5;3;3;5;2;5;4;1;4,08333333333333;3;4,90909090909091;3,45454545454545
"77";154;2;22;7;NA;3;1;1;4;3;5;3;1;3;3;4;2;3;1;4;4;2;3;2;4;5;6;4;3;3;3;5;6;6;4;2;4;5;5;5;6;6;6;4;1;3;4;5;4;4;6;5;6;5;1;3;3,66666666666667;5;4,27272727272727
"78";156;2;24;8;NA;1;1;1;4;4;3;4;4;2;4;2;3;3;3;2;3;4;5;2;6;5;4;5;3;4;4;4;5;5;6;4;4;5;5;5;5;6;5;2;6;5;5;6;1;6;4;2;6;1;1;3,16666666666667;4,08333333333333;5;4
"79";157;2;26;7;NA;1;-1;1;4;4;3;4;4;4;4;3;2;3;3;4;4;5;4;2;6;6;5;5;5;2;5;3;6;5;5;5;4;3;5;5;6;6;6;3;3;3;5;5;1;4;2;2;5;1;1;3,5;4,33333333333333;5,09090909090909;3,09090909090909
"80";159;2;21;7;NA;3;-1;2;4;4;4;4;3;4;3;2;4;4;1;5;3;2;4;1;4;4;2;2;5;2;3;2;5;3;3;4;4;4;5;5;4;4;4;3;2;3;2;3;1;3;4;4;4;3;1;3,5;2,83333333333333;4,09090909090909;2,90909090909091
"81";160;2;26;8;NA;1;-1;2;3;4;4;3;1;1;4;2;1;3;3;4;4;5;4;2;5;5;4;4;3;5;4;3;6;6;4;4;3;3;5;4;4;4;6;2;2;2;2;5;2;4;4;4;3;4;1;2,75;4;4,45454545454545;3,09090909090909
"82";162;2;23;8;NA;1;-1;2;4;2;4;3;5;5;4;5;2;1;2;3;5;5;6;3;6;6;2;4;6;5;4;4;6;6;6;5;4;6;5;6;6;6;6;6;4;6;6;5;3;5;6;6;6;4;1;3,33333333333333;4,66666666666667;5,63636363636364;5,18181818181818
"83";164;2;22;8;NA;1;-1;2;4;5;4;4;4;2;3;2;2;4;2;5;3;4;4;1;4;5;1;1;2;1;5;4;5;4;6;5;2;2;5;3;3;4;6;2;4;6;5;5;1;3;5;2;6;2;1;3,41666666666667;2,91666666666667;4,09090909090909;3,72727272727273
"84";165;2;27;8;NA;1;2;1;5;5;3;4;4;2;4;2;3;4;1;4;4;2;2;1;5;6;2;4;2;3;6;5;6;6;5;5;4;6;6;6;5;5;6;4;6;5;3;6;1;6;6;3;6;5;1;3,41666666666667;3,5;5,45454545454545;4,63636363636364
"85";166;2;23;7;NA;1;-1;2;4;3;3;2;2;2;3;3;2;1;4;5;4;3;3;1;3;4;4;2;2;4;3;4;6;6;4;4;5;6;4;5;3;5;6;3;6;3;6;5;4;6;4;3;3;2;1;2,83333333333333;3,08333333333333;4,90909090909091;4,09090909090909
"86";168;2;21;7;NA;3;-1;1;4;4;2;3;2;3;4;4;3;4;2;2;5;5;4;2;5;5;4;3;4;5;5;3;6;5;5;5;4;4;5;3;4;5;5;4;3;5;4;5;2;3;6;4;5;4;1;3,08333333333333;4,16666666666667;4,63636363636364;4,09090909090909
"87";169;1;21;7;NA;1;-1;2;5;3;4;2;2;1;3;4;3;4;3;4;3;2;5;3;4;5;4;1;2;3;1;3;6;6;5;1;6;6;4;2;6;4;6;4;1;6;6;5;4;5;5;4;6;4;1;3,16666666666667;3;4,72727272727273;4,54545454545455
"88";171;1;22;7;NA;3;-1;1;5;5;5;4;4;4;4;4;3;4;3;4;4;4;5;2;5;5;3;4;4;4;2;4;6;6;5;5;4;4;4;4;5;5;6;4;6;6;6;6;4;6;6;4;6;4;1;4,08333333333333;3,83333333333333;4,90909090909091;5,27272727272727
"89";172;1;32;8;NA;1;-1;2;4;4;5;3;3;2;4;5;4;5;1;4;4;5;5;1;6;6;5;1;1;3;5;4;6;6;5;5;5;6;6;2;4;5;6;2;5;5;3;5;5;5;6;4;6;1;1;3,66666666666667;3,83333333333333;5,09090909090909;4,27272727272727
"90";173;2;27;7;NA;2;-1;1;4;3;3;4;4;2;4;2;1;3;2;4;6;5;5;4;5;5;3;4;5;3;5;3;5;6;4;4;5;5;5;6;5;6;5;4;4;3;2;6;2;4;3;3;3;2;1;3;4,41666666666667;5,09090909090909;3,27272727272727
"91";174;1;24;8;NA;1;-1;2;3;3;5;4;4;1;5;3;2;2;3;2;4;4;5;1;4;6;2;3;4;3;5;3;5;4;6;5;4;4;5;5;4;4;5;3;3;6;5;2;3;3;4;2;6;2;1;3,08333333333333;3,66666666666667;4,63636363636364;3,54545454545455
"92";176;2;23;7;NA;1;-1;2;4;5;2;5;2;2;3;2;2;3;4;1;6;6;6;3;5;5;5;4;5;3;5;4;5;5;2;2;4;6;6;5;4;5;5;6;4;5;3;2;4;5;5;5;5;2;1;2,91666666666667;4,75;4,45454545454545;4,18181818181818
"93";177;2;29;8;NA;1;-1;1;2;5;3;3;2;3;4;3;3;2;2;4;4;4;5;4;5;5;4;5;3;3;4;4;5;6;5;3;5;5;6;5;5;6;5;4;5;4;3;5;3;3;4;4;5;2;1;3;4,16666666666667;5,09090909090909;3,81818181818182
"94";178;2;20;7;NA;1;-1;2;2;4;4;4;4;4;4;4;4;2;2;4;5;4;6;2;6;5;4;4;6;5;5;4;4;5;2;2;1;2;5;3;4;4;2;3;3;4;5;5;2;3;4;3;5;3;1;3,5;4,66666666666667;3,09090909090909;3,63636363636364
"95";183;2;20;7;NA;1;-1;2;4;4;4;4;3;2;3;2;2;3;4;4;5;4;4;2;5;6;1;3;3;2;5;4;4;4;3;3;4;4;4;3;4;5;4;4;6;6;5;4;2;6;5;4;5;4;1;3,25;3,66666666666667;3,81818181818182;4,63636363636364
"96";184;2;22;7;NA;1;-1;2;4;4;3;4;3;1;5;4;3;3;4;3;5;4;5;1;4;5;3;4;4;2;4;3;5;3;6;4;3;4;6;5;3;5;4;3;2;4;3;5;4;3;2;6;5;4;1;3,41666666666667;3,66666666666667;4,36363636363636;3,72727272727273
"97";185;3;21;7;NA;3;-1;2;5;5;5;4;4;3;5;5;3;4;5;3;3;5;4;1;4;5;2;5;3;4;2;4;5;3;4;4;3;3;6;5;5;5;5;6;5;6;5;5;2;4;5;5;6;4;1;4,25;3,5;4,36363636363636;4,81818181818182
"98";187;2;21;7;NA;3;-1;2;5;5;5;4;4;4;4;3;3;4;5;4;3;4;5;1;5;5;4;5;3;4;4;1;4;3;5;5;5;4;6;5;4;5;5;2;5;3;5;6;3;6;6;5;4;1;1;4,16666666666667;3,66666666666667;4,63636363636364;4,18181818181818
"99";189;2;24;8;NA;1;-1;2;4;5;5;5;4;5;5;4;3;4;3;2;5;4;5;1;6;6;5;5;4;5;6;5;6;6;5;6;4;5;6;5;6;6;6;5;6;6;6;2;1;5;6;4;5;2;1;4,08333333333333;4,75;5,54545454545455;4,36363636363636
"100";190;2;24;8;NA;1;-1;2;3;4;5;5;5;2;4;3;2;2;2;4;3;5;3;3;5;5;6;2;2;2;3;5;6;4;4;5;2;6;6;6;5;3;6;2;3;2;1;4;2;4;2;2;6;2;1;3,41666666666667;3,66666666666667;4,81818181818182;2,72727272727273
"101";191;2;24;7;NA;1;-1;2;5;3;4;4;3;4;4;2;2;4;1;2;3;4;4;6;5;5;3;5;5;1;6;6;6;5;6;2;6;4;6;5;6;6;6;4;4;5;6;4;1;4;6;4;6;4;1;3,16666666666667;4,41666666666667;5,27272727272727;4,36363636363636
"102";192;2;30;8;NA;1;-1;2;5;5;5;5;5;5;5;5;2;4;2;4;1;5;6;1;6;6;3;2;4;1;5;4;6;6;5;6;5;5;6;5;6;4;6;5;3;6;5;3;1;4;4;3;5;3;1;4,33333333333333;3,66666666666667;5,45454545454545;3,81818181818182
"103";193;2;22;7;NA;1;-1;2;4;5;5;3;4;3;3;4;4;4;1;5;3;4;3;1;4;5;3;4;4;2;5;3;4;5;4;3;3;5;5;4;5;4;5;6;5;6;6;5;2;5;4;4;6;4;1;3,75;3,41666666666667;4,27272727272727;4,81818181818182
"104";194;2;25;7;NA;3;-1;2;5;4;4;5;2;3;4;3;4;5;4;3;4;4;5;3;4;4;4;4;5;4;3;3;3;4;4;3;3;3;5;3;4;5;5;4;3;5;3;5;4;4;6;5;5;6;1;3,83333333333333;3,91666666666667;3,81818181818182;4,54545454545455
"105";196;2;22;8;NA;1;-1;2;4;4;4;4;3;3;3;2;2;3;2;4;4;5;6;2;5;5;4;4;3;3;3;4;4;4;5;4;4;3;5;5;4;4;4;2;2;5;2;3;2;2;5;5;3;3;1;3,16666666666667;4;4,18181818181818;3,09090909090909
"106";197;2;21;7;NA;1;-1;2;5;4;3;2;4;1;4;4;2;1;3;1;6;4;4;2;4;5;6;4;2;6;6;6;4;5;1;2;3;2;6;6;5;6;5;1;2;1;2;4;2;2;6;4;5;3;1;2,83333333333333;4,58333333333333;4,09090909090909;2,90909090909091
"107";198;2;21;7;NA;1;-1;2;5;4;5;4;3;3;4;4;5;5;2;2;2;2;3;1;4;5;5;1;2;3;2;3;6;5;4;2;3;2;5;4;4;5;6;3;3;4;6;6;2;4;6;2;5;2;1;3,83333333333333;2,75;4,18181818181818;3,90909090909091
"108";199;2;22;9;"A-Levels";1;-1;2;4;4;5;3;2;4;4;3;2;3;4;5;4;5;5;2;4;5;2;4;2;2;3;4;6;6;4;5;5;6;6;6;6;4;6;3;3;5;3;2;3;4;4;3;5;2;1;3,58333333333333;3,5;5,45454545454545;3,36363636363636
"109";200;2;26;8;NA;3;-1;1;4;2;3;2;4;4;5;2;2;4;2;3;5;6;6;5;5;6;6;5;5;6;6;6;6;5;5;6;6;6;5;6;6;6;6;5;4;6;4;6;6;5;6;4;6;6;1;3,08333333333333;5,58333333333333;5,72727272727273;5,27272727272727
"110";201;2;24;7;NA;1;-1;2;3;4;2;5;2;2;4;1;3;3;2;2;5;5;6;3;5;6;2;4;5;4;6;6;5;4;4;5;5;4;5;6;5;4;5;2;1;6;5;5;3;1;1;2;6;3;1;2,75;4,75;4,72727272727273;3,18181818181818
"111";202;2;28;8;NA;1;-1;2;3;5;4;3;2;2;3;2;3;4;3;4;4;4;3;2;4;5;3;3;3;3;3;3;5;4;4;5;4;4;4;3;4;4;5;3;6;3;3;3;2;5;5;4;5;2;1;3,16666666666667;3,33333333333333;4,18181818181818;3,72727272727273
"112";203;2;24;8;NA;1;-1;1;4;4;5;3;2;2;3;3;2;3;2;3;5;4;5;5;5;5;4;4;4;2;5;4;5;5;5;4;3;4;6;6;5;6;5;4;6;5;5;6;1;6;4;1;5;1;1;3;4,33333333333333;4,90909090909091;4
"113";207;2;23;8;NA;3;-1;2;5;3;4;5;3;3;4;3;3;4;3;4;3;5;4;3;4;5;3;3;5;4;5;4;6;5;4;5;4;5;5;5;5;5;6;4;3;5;2;3;1;4;4;3;5;3;1;3,66666666666667;4;5;3,36363636363636
"114";208;2;20;7;NA;2;-1;1;5;4;4;5;3;4;4;2;1;2;2;5;4;1;4;3;4;6;2;5;3;4;5;3;5;1;1;5;2;1;6;5;4;5;4;3;4;3;6;3;5;5;6;5;6;2;1;3,41666666666667;3,66666666666667;3,54545454545455;4,36363636363636
"115";210;2;22;7;NA;1;-1;2;5;5;5;4;5;5;5;3;2;4;3;5;4;3;5;1;6;6;3;5;5;5;6;5;6;6;4;3;4;5;5;4;4;5;6;4;5;4;2;5;4;5;5;4;6;4;1;4,25;4,5;4,72727272727273;4,36363636363636
"116";211;2;23;8;NA;3;-1;2;5;3;5;5;2;3;3;4;3;3;4;4;4;5;6;2;5;5;3;3;4;2;5;2;6;4;3;5;4;3;5;5;5;6;5;3;3;5;4;4;5;4;5;3;5;4;1;3,66666666666667;3,83333333333333;4,63636363636364;4,09090909090909
"117";213;2;21;7;NA;1;-1;1;4;5;4;3;3;3;4;3;2;4;4;4;3;5;4;2;5;5;4;3;4;3;5;4;5;6;5;4;4;6;4;5;4;5;4;4;4;4;5;5;2;4;5;3;3;2;1;3,58333333333333;3,91666666666667;4,72727272727273;3,72727272727273
"118";215;2;22;7;NA;2;-1;1;5;4;4;5;5;5;4;5;5;5;1;2;4;6;6;1;6;6;5;6;5;3;6;4;4;1;1;4;3;1;6;6;6;6;2;5;5;6;6;6;5;2;6;6;6;6;1;4,16666666666667;4,83333333333333;3,63636363636364;5,36363636363636
"119";216;2;19;7;NA;2;-1;2;4;5;4;4;4;4;4;5;4;3;4;4;2;4;4;2;5;6;3;2;3;4;5;4;5;3;5;5;4;3;5;5;5;6;5;5;5;6;3;6;3;4;4;3;5;3;1;4,08333333333333;3,66666666666667;4,63636363636364;4,27272727272727
"120";219;2;22;7;NA;1;-1;1;5;2;2;3;2;2;4;1;2;3;2;3;5;4;5;4;5;3;5;5;5;5;3;4;3;4;5;2;4;4;6;5;2;3;6;5;2;1;3;5;6;5;5;6;5;5;1;2,58333333333333;4,41666666666667;4;4,36363636363636
"121";220;2;27;8;NA;2;-1;2;4;5;4;4;4;4;4;3;4;3;4;2;4;4;4;2;3;4;4;4;2;2;3;3;2;2;5;3;3;3;5;4;5;4;3;2;3;3;3;4;3;3;3;3;4;2;1;3,75;3,25;3,54545454545455;3
"122";221;1;25;7;NA;1;-1;1;5;5;5;5;3;4;4;3;4;4;3;4;1;1;2;2;2;5;4;2;3;3;3;2;6;3;4;3;5;5;5;4;3;2;6;4;5;5;4;4;1;5;6;5;6;4;1;4,08333333333333;2,5;4,18181818181818;4,45454545454545
"123";224;2;22;8;NA;1;-1;2;4;5;4;5;1;1;4;4;1;3;2;2;3;6;4;3;6;6;5;3;4;2;3;3;5;4;5;4;1;2;5;4;5;5;5;2;3;5;2;1;1;4;6;3;5;1;1;3;4;4,09090909090909;3
"124";225;2;28;7;NA;2;-1;2;4;5;5;5;3;4;3;2;2;2;3;5;5;4;4;2;5;3;4;1;2;2;5;2;5;6;4;3;5;4;5;5;5;6;6;3;5;3;4;4;3;5;5;4;5;3;1;3,58333333333333;3,25;4,90909090909091;4
"125";226;2;23;7;NA;1;2;1;5;4;4;5;4;3;3;4;4;4;4;4;2;2;3;1;4;5;1;1;3;2;6;4;3;4;2;6;4;4;5;5;5;4;4;4;3;5;6;3;4;3;5;5;5;6;1;4;2,83333333333333;4,18181818181818;4,45454545454545
"126";228;1;23;7;NA;1;-1;2;4;4;5;5;3;3;4;4;3;4;3;5;2;3;5;2;4;5;5;3;4;2;3;3;6;4;4;5;3;4;4;5;5;5;6;4;6;3;4;4;4;5;5;4;6;4;1;3,91666666666667;3,41666666666667;4,63636363636364;4,45454545454545
"127";229;2;25;7;NA;1;2;1;5;4;5;5;4;3;5;4;4;5;2;2;5;4;4;2;3;5;3;4;3;6;4;3;5;3;4;3;4;4;4;3;4;5;6;5;5;5;3;4;3;3;6;4;6;3;1;4;3,83333333333333;4,09090909090909;4,27272727272727
"128";231;2;21;7;NA;3;-1;2;4;5;3;3;3;2;4;4;2;4;1;2;5;4;5;2;2;6;2;3;4;5;4;4;5;5;3;5;3;2;5;4;6;6;5;3;5;6;5;5;4;5;4;4;5;3;1;3,08333333333333;3,83333333333333;4,45454545454545;4,45454545454545
"129";232;1;24;8;NA;1;-1;2;4;5;4;4;3;4;5;3;2;5;3;4;4;4;4;1;5;4;2;3;5;1;3;3;5;5;2;4;4;3;4;4;4;4;5;4;4;4;4;4;3;4;4;4;5;2;1;3,83333333333333;3,25;4;3,81818181818182
"130";233;2;24;8;NA;2;-1;1;5;4;5;3;2;2;4;1;2;3;2;2;5;4;4;1;4;5;2;3;2;6;4;5;5;5;3;5;3;3;4;4;5;5;5;2;4;3;5;4;2;5;4;4;4;2;1;2,91666666666667;3,75;4,27272727272727;3,54545454545455
"131";235;2;24;7;NA;1;-1;2;4;5;5;4;5;4;3;5;1;5;4;4;3;3;3;1;3;3;5;2;5;2;5;3;6;4;5;5;5;6;5;5;4;4;6;4;2;5;2;5;2;3;4;5;5;4;1;4,08333333333333;3,16666666666667;5;3,72727272727273
"132";236;2;24;7;NA;3;1;1;4;4;2;4;2;2;3;2;3;4;4;4;2;2;3;1;4;5;4;2;1;4;5;4;6;6;4;5;5;6;6;4;4;5;6;1;3;4;5;6;4;4;6;6;6;5;1;3,16666666666667;3,08333333333333;5,18181818181818;4,54545454545455
"133";239;2;21;7;NA;1;-1;2;5;5;5;3;4;4;5;4;3;4;3;4;4;5;4;1;5;4;4;3;4;4;4;3;5;6;6;4;4;5;6;6;6;6;6;5;5;4;4;5;2;6;4;2;5;3;1;4,08333333333333;3,75;5,45454545454545;4,09090909090909
"134";240;2;20;7;NA;2;-1;2;5;5;1;5;3;3;4;4;2;4;3;2;6;4;5;2;4;4;4;3;5;5;5;4;5;5;4;3;2;4;5;4;5;6;6;5;4;4;4;4;4;5;5;5;6;5;1;3,41666666666667;4,25;4,45454545454545;4,63636363636364
"135";241;2;23;7;NA;1;-1;1;4;5;5;4;3;4;4;4;3;3;3;4;3;3;3;1;4;4;1;4;4;3;2;2;3;3;2;3;2;3;5;5;4;5;3;4;4;6;3;5;2;4;5;4;6;3;1;3,83333333333333;2,83333333333333;3,45454545454545;4,18181818181818
"136";243;2;31;8;NA;1;-1;2;5;2;4;3;4;5;4;4;3;3;2;4;5;5;6;2;6;6;5;5;4;5;6;4;6;6;6;6;6;5;6;6;5;6;6;4;6;3;3;6;1;6;4;2;6;2;1;3,58333333333333;4,91666666666667;5,81818181818182;3,90909090909091
"137";244;2;24;8;NA;3;-1;2;4;5;5;5;3;4;4;4;3;3;3;3;4;4;4;1;5;5;3;4;4;2;5;3;4;2;3;5;3;5;5;4;4;4;3;5;5;5;5;5;2;5;5;3;4;3;1;3,83333333333333;3,66666666666667;3,81818181818182;4,27272727272727
"138";245;1;23;8;NA;3;-1;2;5;5;3;5;4;3;4;4;5;5;4;5;3;2;4;3;6;6;4;4;5;3;4;3;6;5;4;2;6;6;5;5;5;6;6;5;3;4;5;5;2;4;6;5;5;4;1;4,33333333333333;3,91666666666667;5,09090909090909;4,36363636363636
"139";247;1;22;7;NA;1;-1;1;4;4;4;3;4;3;4;3;3;4;3;4;4;4;5;3;5;5;4;4;3;5;2;3;6;6;5;5;6;6;5;5;6;6;6;3;5;1;1;3;3;5;5;4;6;3;1;3,58333333333333;3,91666666666667;5,63636363636364;3,54545454545455
"140";248;2;25;8;NA;2;-1;2;4;5;5;4;4;3;4;4;3;5;3;4;2;5;4;1;5;6;4;3;4;2;4;2;6;5;5;5;5;5;5;6;6;5;6;5;5;6;6;4;4;3;4;2;5;2;1;4;3,5;5,36363636363636;4,18181818181818
"141";249;2;22;7;NA;1;-1;1;3;2;4;2;2;2;3;3;4;4;2;4;5;3;5;3;5;4;5;4;5;3;4;4;5;3;5;4;4;4;5;6;5;6;5;2;6;6;2;4;1;6;6;6;4;5;1;2,91666666666667;4,16666666666667;4,72727272727273;4,36363636363636
"142";251;2;26;8;NA;1;-1;1;4;5;2;5;4;5;2;3;1;5;2;5;6;2;5;2;6;6;2;5;5;6;6;6;5;6;5;1;2;2;5;1;5;6;6;5;1;6;6;6;5;5;5;6;5;2;1;3,58333333333333;4,75;4;4,72727272727273
"143";252;2;21;7;NA;1;-1;2;5;5;5;5;4;4;3;4;3;5;4;5;4;4;4;1;5;5;1;4;5;4;1;4;6;3;3;2;5;4;6;5;6;4;6;5;6;5;5;5;2;6;4;5;6;2;1;4,33333333333333;3,5;4,54545454545455;4,63636363636364
"144";255;1;27;7;NA;2;-1;2;4;4;5;4;5;5;3;5;5;3;2;5;1;2;5;1;4;6;2;2;1;1;3;1;4;3;2;3;3;3;6;4;6;3;6;5;6;6;3;4;1;6;2;3;3;2;1;4,16666666666667;2,41666666666667;3,90909090909091;3,72727272727273
"145";256;2;19;7;NA;3;-1;2;5;4;5;5;3;4;4;3;2;5;3;3;5;4;5;3;6;6;4;4;2;5;3;4;4;5;5;3;5;5;4;2;4;6;6;4;5;5;5;6;4;6;4;5;6;6;1;3,83333333333333;4,25;4,45454545454545;5,09090909090909
"146";257;2;24;7;NA;1;-1;2;5;5;5;5;5;5;5;4;4;4;1;3;4;5;6;1;6;6;3;6;3;6;5;2;6;6;5;6;6;5;6;6;6;4;6;6;6;4;5;6;1;6;1;3;6;3;1;4,25;4,41666666666667;5,63636363636364;4,27272727272727
"147";258;1;20;7;NA;3;-1;2;5;5;5;5;4;4;4;3;2;5;5;5;4;2;2;1;5;5;3;2;1;1;1;1;6;4;4;5;4;3;6;2;3;2;4;2;5;6;6;3;1;3;6;4;4;2;1;4,33333333333333;2,33333333333333;3,90909090909091;3,81818181818182
"148";259;2;33;8;NA;1;-1;1;3;5;5;3;4;4;4;2;3;2;2;3;4;4;5;3;5;5;4;2;3;5;5;5;5;5;5;5;4;5;5;5;4;5;5;1;2;4;3;4;4;2;2;4;4;2;1;3,33333333333333;4,16666666666667;4,81818181818182;2,90909090909091
"149";260;2;22;7;NA;1;-1;1;4;3;3;4;2;2;4;3;2;2;2;2;4;3;4;2;4;5;4;4;5;4;4;4;5;4;5;3;3;4;5;4;4;5;4;3;2;3;2;5;2;3;4;4;5;5;1;2,75;3,91666666666667;4,18181818181818;3,45454545454545
"150";261;2;23;7;NA;1;-1;1;4;4;4;4;3;4;4;4;1;3;3;3;4;4;4;1;4;4;3;4;3;2;4;4;6;5;6;5;4;5;5;4;5;5;6;3;3;3;4;6;3;4;4;3;5;3;1;3,41666666666667;3,41666666666667;5,09090909090909;3,72727272727273
"151";262;2;20;7;NA;1;-1;2;5;5;4;4;4;4;2;4;4;5;2;5;3;3;4;3;6;6;3;2;4;3;4;2;6;4;5;5;4;6;5;4;4;5;6;3;4;5;5;5;3;2;4;4;5;4;1;4;3,58333333333333;4,90909090909091;4
"152";263;2;20;7;NA;1;-1;2;5;4;2;4;3;3;4;4;2;4;4;3;4;3;4;3;6;4;5;3;4;4;5;2;6;6;5;5;5;6;6;5;4;6;6;4;4;4;3;6;3;5;6;6;6;4;1;3,5;3,91666666666667;5,45454545454545;4,63636363636364
"153";264;1;19;7;NA;1;-1;2;2;3;2;4;1;2;4;1;2;2;1;3;4;3;5;2;5;5;2;2;3;2;4;2;5;4;6;4;4;5;2;5;5;5;6;1;6;6;4;2;1;6;5;4;6;4;1;2,25;3,25;4,63636363636364;4,09090909090909
"154";265;1;21;8;NA;1;-1;2;4;5;5;3;2;3;3;2;3;3;1;4;2;2;6;2;5;5;1;1;2;2;4;3;6;4;4;4;4;3;6;3;3;4;6;2;6;6;1;1;2;6;5;3;6;5;1;3,16666666666667;2,91666666666667;4,27272727272727;3,90909090909091
"155";267;1;21;7;NA;3;-1;2;4;4;4;5;3;3;3;2;3;5;3;4;4;3;4;1;5;5;3;4;4;2;3;3;6;6;5;5;5;6;4;5;6;6;6;3;3;6;4;6;2;4;5;4;5;5;1;3,58333333333333;3,41666666666667;5,45454545454545;4,27272727272727
"156";270;1;21;7;NA;2;-1;2;5;5;5;5;5;4;4;5;3;5;5;5;2;2;6;1;6;5;4;2;2;2;6;3;6;6;4;4;4;6;6;6;6;6;6;6;6;6;1;3;3;5;6;4;6;4;1;4,66666666666667;3,41666666666667;5,45454545454545;4,54545454545455
"157";273;2;31;7;NA;1;2;1;4;4;4;3;3;3;5;3;1;2;3;3;6;6;6;3;6;6;3;5;5;4;4;4;6;6;6;6;5;6;6;5;5;6;6;4;3;6;4;6;2;3;3;3;5;2;1;3,16666666666667;4,83333333333333;5,72727272727273;3,72727272727273
"158";274;2;21;7;NA;3;-1;2;5;3;4;3;5;4;3;5;4;5;4;5;4;4;6;4;6;6;4;3;4;3;4;4;6;5;5;4;6;5;5;4;5;4;6;5;4;5;4;4;2;5;4;3;5;3;1;4,16666666666667;4,33333333333333;5;4
"159";278;2;20;7;NA;1;-1;2;4;4;4;4;4;2;4;3;3;3;3;3;5;4;4;2;5;5;3;2;3;3;5;4;5;5;4;5;5;4;4;4;4;4;5;5;5;4;3;4;2;4;3;2;2;3;1;3,41666666666667;3,75;4,45454545454545;3,36363636363636
"160";282;2;23;8;NA;1;-1;2;5;5;2;5;3;3;4;2;2;4;3;5;4;6;6;3;5;6;4;4;4;5;5;3;6;4;6;5;4;3;4;5;4;3;6;3;6;6;3;6;6;5;5;5;6;6;1;3,58333333333333;4,58333333333333;4,54545454545455;5,18181818181818
"161";283;1;23;7;NA;2;-1;2;5;4;4;3;3;3;3;4;4;5;3;3;4;2;3;3;4;4;4;4;4;5;5;4;6;6;4;4;4;4;4;2;3;5;6;6;4;4;4;5;4;4;4;4;5;4;1;3,66666666666667;3,83333333333333;4,36363636363636;4,36363636363636
"162";286;2;22;8;NA;1;-1;2;4;5;2;3;1;2;4;3;1;5;2;1;4;6;5;2;4;6;4;3;6;3;3;4;4;6;3;6;3;3;6;5;4;3;4;4;6;5;6;6;2;6;6;4;6;3;1;2,75;4,16666666666667;4,27272727272727;4,90909090909091
"163";287;2;24;7;NA;3;1;1;5;5;4;5;4;3;3;3;4;4;3;4;3;5;5;2;5;6;5;4;5;3;5;3;5;5;5;5;5;4;5;3;4;4;5;5;5;5;4;2;1;4;3;4;4;2;1;3,91666666666667;4,25;4,54545454545455;3,54545454545455
"164";288;1;29;4;NA;1;-1;1;5;4;3;3;3;2;5;4;4;4;1;4;3;3;5;1;5;6;2;1;1;1;4;2;6;2;6;6;6;5;6;6;6;6;6;5;4;6;6;3;1;4;1;1;4;1;1;3,5;2,83333333333333;5,54545454545455;3,27272727272727
"165";290;2;23;7;NA;1;-1;1;5;5;4;5;4;3;4;5;4;4;4;3;5;4;5;1;5;6;4;2;5;5;4;4;5;5;5;1;4;5;6;5;6;6;6;4;5;5;5;4;2;6;5;4;6;1;1;4,16666666666667;4,16666666666667;4,90909090909091;4,27272727272727
"166";291;2;25;7;NA;2;-1;2;5;5;5;3;4;4;4;5;5;4;5;5;4;2;2;1;5;4;2;2;4;2;4;4;4;4;2;2;2;3;4;4;4;6;4;5;4;5;2;5;1;4;6;5;5;4;1;4,5;3;3,54545454545455;4,18181818181818
"167";292;2;29;8;NA;1;-1;1;4;4;3;5;3;2;4;1;2;4;1;2;5;5;6;3;6;6;5;5;5;3;3;3;6;6;5;5;5;6;6;5;6;6;6;4;3;3;6;6;1;3;3;5;5;4;1;2,91666666666667;4,58333333333333;5,63636363636364;3,90909090909091
"168";293;2;27;7;NA;1;-1;1;4;5;5;4;2;2;3;4;1;2;2;4;5;5;6;1;6;6;4;2;4;1;3;3;6;6;5;5;4;5;6;6;6;6;6;2;3;3;3;3;2;4;5;2;5;1;1;3,16666666666667;3,83333333333333;5,54545454545455;3
"169";294;2;20;7;NA;2;-1;2;5;4;5;5;5;3;4;5;4;4;4;5;5;4;5;3;4;4;2;3;4;4;4;4;5;5;4;4;3;3;5;5;4;6;5;4;5;6;3;5;2;6;5;3;5;3;1;4,41666666666667;3,83333333333333;4,45454545454545;4,27272727272727
"170";295;2;25;7;NA;1;-1;2;4;4;4;4;4;3;3;5;3;4;4;5;2;5;4;1;5;6;5;4;2;2;3;4;5;6;5;5;5;5;5;5;5;4;5;2;2;5;3;5;3;3;5;4;5;3;1;3,91666666666667;3,58333333333333;5;3,63636363636364
"171";296;1;25;9;"Staatsexamen";3;-1;2;5;5;5;4;5;4;5;5;4;4;3;5;3;2;4;3;4;6;3;2;4;4;2;3;5;3;3;4;4;4;6;6;6;6;5;4;1;4;5;6;5;1;4;3;6;3;1;4,5;3,33333333333333;4,72727272727273;3,81818181818182
"172";297;2;20;7;NA;3;-1;2;4;3;3;4;1;2;4;4;4;2;1;1;5;4;5;5;4;6;4;5;4;6;5;6;5;6;5;2;4;3;5;5;5;5;4;3;1;5;2;2;1;2;2;1;4;1;1;2,75;4,91666666666667;4,45454545454545;2,18181818181818
"173";299;2;23;8;NA;1;-1;2;3;4;4;3;2;2;4;4;2;2;2;2;5;5;5;4;5;5;5;5;5;6;5;5;6;6;5;5;5;6;6;5;5;6;6;5;4;4;4;4;2;4;4;3;3;3;1;2,83333333333333;5;5,54545454545455;3,63636363636364
"174";300;2;25;7;NA;1;-1;1;2;4;2;3;3;5;3;1;2;2;3;3;4;4;4;2;4;5;4;2;3;5;4;2;6;4;6;3;4;6;5;4;4;5;6;3;2;4;4;4;4;2;5;4;4;4;1;2,75;3,58333333333333;4,81818181818182;3,63636363636364
"175";308;1;21;7;NA;1;-1;2;3;4;3;2;2;1;3;3;1;3;1;5;4;4;5;3;5;5;5;5;5;5;5;5;6;6;6;5;5;6;5;5;4;4;6;3;4;1;4;2;2;3;3;3;4;3;1;2,58333333333333;4,66666666666667;5,27272727272727;2,90909090909091
"176";309;1;19;7;NA;1;-1;2;5;5;3;4;4;4;3;3;2;4;3;4;2;4;5;2;5;4;4;3;2;1;4;3;5;5;5;3;5;4;5;6;5;6;6;3;6;5;6;5;3;1;5;4;5;4;1;3,66666666666667;3,25;5;4,27272727272727
"177";310;2;26;8;NA;3;-1;2;5;5;4;4;2;2;3;3;3;4;2;4;2;4;5;2;3;5;3;3;4;3;4;3;6;5;5;6;5;5;4;5;3;4;6;4;6;6;4;5;4;6;5;6;6;6;1;3,41666666666667;3,41666666666667;4,90909090909091;5,27272727272727
"178";315;2;20;7;NA;1;-1;2;3;4;5;4;3;4;3;5;1;2;4;5;6;3;4;4;6;5;2;4;3;5;2;4;6;6;4;4;5;4;4;4;5;5;6;4;5;5;4;5;4;5;6;5;5;4;1;3,58333333333333;4;4,81818181818182;4,72727272727273
"179";316;2;25;8;NA;1;-1;2;5;5;5;3;5;3;4;3;4;4;3;3;2;2;2;2;2;5;2;2;2;2;5;2;2;2;2;5;2;2;2;2;2;2;2;2;5;5;5;2;2;2;2;2;2;2;1;3,91666666666667;2,5;2,27272727272727;2,81818181818182
"180";317;2;26;8;NA;3;-1;2;5;5;4;5;3;4;3;2;2;2;3;5;5;5;6;3;5;4;3;4;4;3;5;3;6;5;5;3;4;5;6;6;6;5;6;4;3;4;2;4;1;3;5;5;4;2;1;3,58333333333333;4,16666666666667;5,18181818181818;3,36363636363636
"181";318;2;29;8;NA;2;3;1;3;5;2;3;2;2;4;2;2;2;3;2;5;5;5;3;3;4;5;4;4;4;4;3;4;4;3;3;4;3;5;5;3;4;4;3;6;2;3;2;2;5;3;3;2;2;1;2,66666666666667;4,08333333333333;3,81818181818182;3
"182";319;1;20;7;NA;1;-1;1;1;3;2;1;1;2;3;1;1;1;3;1;6;5;6;6;6;6;6;5;6;6;1;6;6;6;5;5;5;6;5;4;4;6;6;3;1;3;5;6;1;1;4;2;2;2;1;1,66666666666667;5,41666666666667;5,27272727272727;2,72727272727273
"183";321;2;20;7;NA;3;-1;2;5;4;4;4;4;5;4;5;4;4;4;4;3;3;3;1;4;5;2;3;3;2;2;2;4;4;3;4;4;3;5;5;4;4;4;5;6;5;5;5;2;6;5;3;5;2;1;4,25;2,75;4;4,45454545454545
"184";322;1;20;7;NA;1;-1;1;2;2;2;1;2;2;3;1;1;2;2;1;6;5;6;6;6;6;5;5;6;6;6;6;6;6;5;5;5;6;5;2;4;6;6;2;2;2;5;6;1;2;3;2;2;2;1;1,75;5,75;5,09090909090909;2,63636363636364
"185";323;2;20;7;NA;1;-1;2;5;5;2;4;4;4;4;3;2;4;2;4;3;4;5;1;4;5;4;6;4;4;4;3;5;4;4;4;4;4;5;5;5;4;5;6;6;6;6;5;1;6;4;3;6;3;1;3,58333333333333;3,91666666666667;4,45454545454545;4,72727272727273
"186";324;2;21;7;NA;1;-1;2;5;4;3;4;3;1;5;3;2;4;2;3;3;4;5;2;5;5;4;4;5;5;4;4;5;3;4;4;6;5;6;6;6;6;6;2;1;6;3;2;1;4;6;5;6;2;1;3,25;4,16666666666667;5,18181818181818;3,45454545454545
"187";326;2;27;4;NA;1;-1;1;4;4;3;4;2;2;3;3;3;3;3;3;4;3;5;4;4;4;4;5;2;4;2;4;5;4;4;3;4;4;6;4;5;5;5;5;5;5;5;5;3;5;6;4;6;3;1;3,08333333333333;3,75;4,45454545454545;4,72727272727273
"188";328;1;21;7;NA;1;-1;1;2;5;5;4;1;2;4;4;4;4;2;5;3;6;4;1;2;4;5;4;4;2;1;3;3;4;1;1;1;1;5;4;4;6;6;1;4;6;1;2;5;6;6;6;6;6;1;3,5;3,25;3,27272727272727;4,45454545454545
"189";329;1;22;7;NA;1;-1;2;4;4;5;5;4;5;5;3;5;3;2;4;5;4;5;2;6;6;2;2;5;4;4;4;3;6;3;1;4;3;6;5;5;5;4;6;5;5;5;6;2;5;4;3;5;2;1;4,08333333333333;4,08333333333333;4,09090909090909;4,36363636363636
"190";333;2;23;7;NA;1;-1;2;5;4;3;4;5;5;3;5;3;5;4;5;3;3;3;3;3;4;5;2;1;2;4;3;3;3;3;2;3;2;5;6;2;3;3;2;5;4;3;5;4;5;4;5;4;3;1;4,25;3;3,18181818181818;4
"191";334;2;20;7;NA;3;-1;2;4;5;5;4;5;4;5;5;4;3;3;5;3;4;4;1;5;6;1;5;4;2;3;2;6;5;5;6;5;6;5;4;5;6;6;4;6;4;3;4;1;5;2;2;5;1;1;4,33333333333333;3,33333333333333;5,36363636363636;3,36363636363636
"192";335;3;23;7;NA;1;2;1;3;4;3;1;2;2;4;4;3;3;1;2;2;4;4;4;5;2;5;3;5;6;5;5;6;6;5;2;4;4;5;5;4;6;3;5;5;5;5;2;2;2;1;1;2;2;1;2,66666666666667;4,16666666666667;4,54545454545455;2,90909090909091
"193";336;2;22;8;NA;1;-1;2;4;4;3;2;3;3;3;2;2;2;3;3;5;5;5;4;6;6;4;3;4;5;5;4;6;5;5;3;5;5;5;5;5;4;5;3;5;3;5;5;2;5;5;5;4;4;1;2,83333333333333;4,66666666666667;4,81818181818182;4,18181818181818
"194";337;2;33;4;NA;1;-1;1;3;5;5;3;3;1;3;5;3;3;5;3;4;1;5;3;4;6;3;5;6;4;6;4;6;6;6;5;4;5;5;6;6;6;6;4;6;6;6;6;3;6;4;5;6;1;1;3,5;4,25;5,54545454545455;4,81818181818182
"195";340;1;25;8;NA;2;-1;2;5;4;4;5;4;3;3;4;2;5;5;4;4;5;5;1;5;2;2;3;2;1;2;1;6;2;5;3;5;5;5;5;5;2;5;6;6;6;6;6;5;6;6;4;6;4;1;4;2,75;4,36363636363636;5,54545454545455
"196";341;2;23;8;NA;2;-1;2;3;2;4;4;1;1;3;2;2;2;1;4;5;4;6;2;5;6;6;4;3;3;4;4;4;3;4;2;5;3;5;5;5;5;6;3;5;6;5;5;2;4;4;4;4;3;1;2,41666666666667;4,33333333333333;4,27272727272727;4,09090909090909
"197";342;2;23;7;NA;2;-1;1;4;5;5;4;3;4;5;3;4;3;3;4;3;4;3;3;4;4;2;3;4;2;4;3;4;4;3;4;3;3;6;5;6;4;5;5;3;4;5;4;2;3;5;3;4;3;1;3,91666666666667;3,25;4,27272727272727;3,72727272727273
"198";343;2;23;7;NA;3;-1;2;4;2;4;5;3;1;2;3;3;4;1;4;4;4;4;2;4;4;3;3;2;2;5;4;4;4;3;4;2;2;4;3;4;4;4;6;4;5;4;6;5;5;6;5;6;5;1;3;3,41666666666667;3,45454545454545;5,18181818181818
"199";344;1;21;7;NA;1;-1;2;5;4;5;4;4;4;5;5;2;5;5;5;2;4;3;1;6;5;1;1;2;1;1;2;6;5;5;5;4;6;6;5;4;3;6;4;5;6;4;3;4;6;5;4;6;4;1;4,41666666666667;2,41666666666667;5;4,63636363636364
"200";345;2;28;7;NA;2;3;1;4;4;2;4;1;2;4;2;1;3;3;2;4;4;5;3;5;6;5;4;5;5;6;4;5;4;4;4;5;4;5;5;5;5;5;4;5;5;2;5;4;5;5;4;5;4;1;2,66666666666667;4,66666666666667;4,63636363636364;4,36363636363636
"201";346;2;29;8;NA;3;-1;1;4;4;4;4;4;4;4;4;2;2;5;4;4;5;4;2;5;4;5;3;2;3;3;3;5;5;5;2;3;4;4;3;5;4;5;2;3;3;4;3;1;4;4;3;3;3;1;3,75;3,58333333333333;4,09090909090909;3
"202";349;1;26;8;NA;2;-1;2;4;4;3;5;2;3;3;4;4;4;2;4;4;3;4;2;5;4;4;4;3;2;4;2;5;5;4;4;4;5;5;4;4;4;6;4;4;4;3;5;3;5;2;4;5;3;1;3,5;3,41666666666667;4,54545454545455;3,81818181818182
"203";352;1;23;8;NA;3;-1;2;5;5;5;4;2;2;3;3;2;5;2;4;3;4;5;1;5;6;3;4;4;3;4;4;6;4;4;5;6;5;5;5;5;5;5;6;4;4;5;2;1;2;2;2;5;2;1;3,5;3,83333333333333;5;3,18181818181818
"204";353;2;40;4;NA;1;-1;1;4;5;5;1;5;3;5;5;3;4;2;5;2;2;4;1;6;6;2;5;3;2;4;3;6;3;5;6;6;6;5;6;6;6;6;3;4;4;4;4;2;4;4;4;5;5;1;3,91666666666667;3,33333333333333;5,54545454545455;3,90909090909091
"205";357;2;26;7;NA;2;-1;2;4;4;5;3;2;3;4;4;3;4;3;2;4;5;5;3;4;5;3;2;4;3;6;4;4;3;4;3;5;5;5;5;5;5;5;3;4;6;6;6;2;4;5;5;4;2;1;3,41666666666667;4;4,45454545454545;4,27272727272727
"206";358;2;20;7;NA;1;-1;2;4;4;2;3;3;2;3;1;2;2;1;3;4;3;5;2;6;5;5;4;6;5;5;4;6;6;4;5;5;6;4;5;5;4;6;2;2;3;2;3;2;3;4;3;5;3;1;2,5;4,5;5,09090909090909;2,90909090909091
"207";359;2;29;7;NA;1;-1;1;4;5;3;5;2;1;3;3;2;3;2;3;4;3;5;5;3;6;6;4;4;3;5;4;6;6;4;2;5;5;6;5;5;6;6;3;2;2;1;4;3;5;5;4;6;6;1;3;4,33333333333333;5,09090909090909;3,72727272727273
"208";360;2;22;7;NA;1;-1;1;4;3;5;4;2;2;3;4;4;4;4;4;3;4;3;2;3;4;3;2;4;4;4;4;6;3;5;2;3;4;4;3;3;4;6;2;1;5;3;2;2;1;6;4;6;4;1;3,58333333333333;3,33333333333333;3,90909090909091;3,27272727272727
"209";365;2;20;7;NA;2;-1;2;4;5;5;4;3;3;4;4;3;5;3;3;4;3;5;2;4;5;3;5;4;4;4;3;4;3;4;5;4;3;5;5;5;6;4;4;5;6;5;3;5;4;6;4;6;5;1;3,83333333333333;3,83333333333333;4,36363636363636;4,81818181818182
"210";367;1;25;7;NA;3;-1;2;4;4;5;5;2;4;4;4;3;4;2;4;2;2;6;2;5;5;2;3;5;5;5;2;5;4;3;3;4;2;6;5;4;5;2;5;3;6;6;4;3;5;4;3;2;4;1;3,75;3,66666666666667;3,90909090909091;4,09090909090909
"211";369;1;22;8;NA;1;-1;2;5;4;4;3;2;2;4;2;4;2;5;2;5;2;2;1;5;5;1;4;2;3;4;3;6;5;5;5;5;5;6;3;5;6;6;3;3;1;3;5;4;5;6;4;6;3;1;3,25;3,08333333333333;5,18181818181818;3,90909090909091
"212";371;2;22;7;NA;3;-1;2;5;4;2;3;3;2;4;2;4;3;3;1;5;3;6;5;6;6;5;5;6;5;6;6;5;6;6;3;6;5;5;6;6;6;6;6;1;5;2;6;6;2;5;5;6;2;1;3;5,33333333333333;5,45454545454545;4,18181818181818
"213";372;1;20;7;NA;1;-1;2;5;4;5;5;3;2;3;3;2;5;2;3;4;3;4;2;5;5;2;4;4;4;5;3;4;3;3;3;3;4;4;3;3;4;3;6;3;6;5;1;1;1;1;3;6;2;1;3,5;3,75;3,36363636363636;3,18181818181818
"214";373;1;19;7;NA;3;-1;2;5;5;4;4;2;2;4;5;2;4;4;3;4;2;3;2;5;5;5;3;4;5;5;4;6;6;4;2;6;6;6;3;6;5;6;5;5;1;2;4;5;6;6;6;5;5;1;3,66666666666667;3,91666666666667;5,09090909090909;4,54545454545455
"215";378;1;22;7;NA;2;-1;2;5;3;5;5;4;4;5;4;3;3;1;3;4;4;5;2;4;6;6;4;4;2;4;3;6;6;3;2;6;6;5;5;3;6;6;4;3;2;1;4;3;5;4;3;3;3;1;3,75;4;4,90909090909091;3,18181818181818
"216";379;2;23;8;NA;1;-1;2;4;3;4;3;2;5;5;4;2;2;2;1;6;5;6;4;6;6;4;5;6;6;6;6;6;6;6;6;6;6;6;6;5;6;6;4;6;6;6;6;1;6;4;1;5;1;1;3,08333333333333;5,5;5,90909090909091;4,18181818181818
"217";380;2;20;7;NA;3;-1;2;5;5;4;3;4;4;4;3;2;4;3;3;2;1;4;3;4;5;2;3;5;3;4;2;5;5;4;4;4;4;6;5;5;5;4;6;6;5;6;5;3;6;4;3;4;3;1;3,66666666666667;3,16666666666667;4,63636363636364;4,63636363636364
"218";381;1;21;7;NA;1;-1;2;4;5;5;3;3;5;4;3;1;3;3;4;3;4;3;2;5;6;1;3;6;5;3;4;6;5;6;2;5;4;6;6;6;6;6;3;6;2;3;3;1;6;6;4;5;3;1;3,58333333333333;3,75;5,27272727272727;3,81818181818182
"219";382;2;23;7;NA;1;2;1;3;4;5;3;2;1;3;2;1;3;3;4;3;4;5;2;5;5;2;3;4;3;2;3;6;5;4;3;3;4;5;3;6;5;6;3;5;6;4;5;6;3;4;2;6;2;1;2,83333333333333;3,41666666666667;4,54545454545455;4,18181818181818
"220";385;2;23;8;NA;1;-1;2;4;5;4;5;3;4;3;2;2;5;4;5;4;4;5;1;5;5;2;2;4;3;5;4;5;4;5;5;4;4;4;5;5;5;6;5;6;4;5;5;3;6;4;3;5;4;1;3,83333333333333;3,66666666666667;4,72727272727273;4,54545454545455
"221";387;2;24;7;NA;3;-1;2;5;4;3;3;2;1;5;3;2;2;1;2;5;2;4;1;5;5;4;4;4;3;5;4;6;6;5;4;4;1;4;6;3;5;6;6;4;6;6;6;1;4;5;5;6;5;1;2,75;3,83333333333333;4,54545454545455;4,90909090909091
"222";388;2;30;7;NA;1;-1;1;4;4;4;4;4;4;4;3;2;4;4;4;2;5;5;2;5;5;3;2;3;2;5;4;5;5;4;4;5;4;6;5;6;4;5;4;5;4;5;4;2;5;4;3;5;3;1;3,75;3,58333333333333;4,81818181818182;4
"223";389;1;26;7;NA;1;-1;2;5;4;5;3;3;2;3;4;3;4;2;3;2;3;3;2;3;3;4;4;5;2;2;3;6;4;4;5;4;3;4;2;4;6;6;4;5;2;3;5;3;5;5;6;5;6;1;3,41666666666667;3;4,36363636363636;4,45454545454545
"224";391;2;20;7;NA;3;-1;2;4;5;5;4;4;3;4;4;3;2;1;5;3;4;4;1;5;5;1;1;5;3;5;3;5;5;4;5;3;2;5;6;6;5;4;2;4;5;5;1;1;3;2;3;6;1;1;3,66666666666667;3,33333333333333;4,54545454545455;3
"225";392;2;19;7;NA;3;-1;2;4;4;3;4;2;3;3;1;2;2;2;1;5;5;5;3;4;4;4;5;4;6;5;6;5;4;2;4;3;3;6;5;4;4;6;3;5;3;2;6;2;4;4;4;3;3;1;2,58333333333333;4,66666666666667;4,18181818181818;3,54545454545455
"226";396;2;28;8;NA;1;-1;2;4;5;3;3;3;3;4;3;2;4;3;3;4;4;3;1;3;4;4;2;3;3;4;4;5;5;4;4;4;3;4;4;4;3;5;3;3;3;4;4;2;4;4;3;5;3;1;3,33333333333333;3,25;4,09090909090909;3,45454545454545
"227";397;2;23;8;NA;3;-1;2;5;5;5;5;4;3;4;5;4;4;4;4;4;4;2;2;4;3;2;2;4;2;5;4;4;3;2;3;3;3;4;6;4;5;4;3;2;6;5;5;2;2;6;5;6;4;1;4,33333333333333;3,16666666666667;3,72727272727273;4,18181818181818
"228";398;1;27;7;NA;3;1;1;5;5;4;4;4;4;4;4;4;4;2;3;5;5;4;3;4;6;2;3;3;4;5;4;4;2;5;5;2;2;5;4;4;4;4;4;6;2;3;5;3;5;5;4;5;4;1;3,91666666666667;4;3,72727272727273;4,18181818181818
"229";400;2;21;7;NA;3;-1;2;2;3;2;3;1;1;2;3;3;2;2;1;5;4;5;2;6;6;5;6;3;6;6;6;5;6;6;2;4;4;6;3;4;4;4;3;2;2;3;5;2;3;4;3;5;2;1;2,08333333333333;5;4,36363636363636;3,09090909090909
"230";401;2;22;7;NA;3;-1;1;4;5;2;4;4;2;5;1;2;2;3;1;5;3;5;2;4;5;2;5;5;5;5;5;6;6;5;3;5;5;5;2;5;5;6;1;6;4;6;3;2;5;2;2;5;1;1;2,91666666666667;4,25;4,81818181818182;3,36363636363636
"231";402;1;27;6;NA;3;-1;2;5;4;4;5;4;3;5;5;3;5;3;3;4;4;4;2;4;5;4;3;6;4;3;3;6;6;6;6;6;6;6;6;5;6;6;6;6;4;4;5;2;5;1;1;6;1;1;4,08333333333333;3,83333333333333;5,90909090909091;3,72727272727273
"232";404;2;44;4;NA;2;1;1;5;4;4;5;3;2;3;2;2;2;2;5;3;4;4;2;3;3;5;3;2;1;2;1;5;3;5;4;4;6;5;6;5;6;6;4;3;2;4;4;3;4;3;4;4;3;1;3,25;2,75;5;3,45454545454545
"233";406;2;21;7;NA;1;-1;2;4;4;3;4;3;2;3;2;2;5;2;4;4;3;4;4;4;4;5;3;3;1;5;3;5;5;5;4;4;5;4;3;5;5;6;2;5;3;2;4;2;5;5;3;5;5;1;3,16666666666667;3,58333333333333;4,63636363636364;3,72727272727273
"234";408;2;20;7;NA;3;-1;2;4;5;4;4;5;2;4;2;1;1;4;2;6;4;5;1;5;5;4;4;5;5;5;5;6;6;4;6;5;5;5;6;6;6;6;4;6;5;5;5;1;5;5;2;6;2;1;3,16666666666667;4,5;5,54545454545455;4,18181818181818
"235";410;2;20;7;NA;1;-1;2;4;2;3;3;2;2;4;3;2;3;2;4;4;4;3;1;5;4;3;2;4;3;6;5;5;5;3;3;3;2;5;6;6;6;5;5;5;6;6;3;1;5;5;1;6;3;1;2,83333333333333;3,66666666666667;4,45454545454545;4,18181818181818
"236";411;2;38;7;NA;2;1;1;5;5;3;4;2;2;5;4;2;4;4;3;3;4;4;4;6;5;3;3;4;6;6;6;6;6;6;6;6;6;6;6;6;6;6;3;3;6;3;5;1;4;2;3;6;3;1;3,58333333333333;4,5;6;3,54545454545455
"237";412;2;21;7;NA;3;-1;2;5;5;4;3;4;2;4;4;2;3;1;5;4;4;5;2;4;5;5;4;4;3;4;3;6;3;4;3;4;5;5;6;4;5;5;4;6;6;6;6;4;6;4;4;6;4;1;3,5;3,91666666666667;4,54545454545455;5,09090909090909
"238";414;1;26;7;NA;3;-1;1;5;5;5;5;4;5;5;5;2;5;3;3;2;6;4;1;5;6;3;2;3;1;1;2;3;5;2;3;1;2;6;5;5;5;3;6;6;6;6;5;1;3;4;5;5;6;1;4,33333333333333;3;3,63636363636364;4,81818181818182
"239";418;1;24;7;NA;1;-1;2;4;4;4;4;2;2;4;5;4;4;2;4;3;3;3;2;4;4;4;3;3;3;3;3;4;4;4;3;3;3;4;4;4;4;5;4;4;5;4;5;4;4;4;4;6;4;1;3,58333333333333;3,16666666666667;3,81818181818182;4,36363636363636
"240";421;1;24;8;NA;3;-1;1;5;5;5;4;4;4;5;5;5;5;5;5;3;2;3;2;4;4;4;3;4;1;2;3;6;6;4;4;6;6;6;5;4;5;6;6;6;2;3;5;2;5;6;6;6;5;1;4,75;2,91666666666667;5,27272727272727;4,72727272727273
"241";422;2;25;4;NA;3;-1;2;4;4;3;4;3;1;5;3;3;4;3;2;6;5;5;4;4;6;5;5;4;5;2;6;5;5;6;4;5;5;5;5;5;5;5;4;3;4;5;5;3;4;6;6;5;3;1;3,25;4,75;5;4,36363636363636
"242";424;1;25;7;NA;3;-1;2;5;4;3;3;2;1;3;4;3;2;1;5;4;1;6;3;6;5;1;4;3;1;2;1;6;5;5;5;6;6;6;3;3;5;6;2;6;4;3;2;6;6;6;5;6;4;1;3;3,08333333333333;5,09090909090909;4,54545454545455
"243";426;2;23;7;NA;1;-1;2;4;5;4;3;2;2;5;5;2;2;3;5;4;4;4;2;4;5;4;2;4;2;5;3;6;6;4;5;4;5;5;4;4;6;6;3;1;4;1;4;1;1;5;4;1;2;1;3,5;3,58333333333333;5;2,45454545454545
"244";427;2;25;7;NA;3;-1;2;5;5;5;5;4;3;4;5;4;4;4;5;2;2;2;1;4;6;4;2;3;2;5;2;5;3;4;4;5;4;5;5;4;5;5;3;3;6;4;2;2;4;5;3;5;1;1;4,41666666666667;2,91666666666667;4,45454545454545;3,45454545454545
"245";429;1;20;7;NA;2;-1;2;3;4;5;2;3;2;4;4;4;2;3;5;3;3;4;3;5;5;3;4;5;4;4;3;4;4;4;4;3;3;4;3;1;4;2;4;4;4;3;3;3;4;4;4;6;2;1;3,41666666666667;3,83333333333333;3,27272727272727;3,72727272727273
"246";430;2;27;8;NA;2;-1;2;4;5;4;5;2;4;4;5;4;4;4;5;4;4;4;1;6;4;3;4;2;5;3;2;6;5;5;3;3;4;5;6;6;5;5;5;3;5;3;5;2;4;5;3;6;5;1;4,16666666666667;3,5;4,81818181818182;4,18181818181818
"247";431;2;23;7;NA;3;-1;2;5;5;5;4;4;4;4;4;4;4;3;4;5;4;4;2;4;5;2;3;3;4;4;4;4;5;3;3;3;3;5;4;4;6;4;5;6;5;4;5;4;6;4;4;6;4;1;4,16666666666667;3,66666666666667;4;4,81818181818182
"248";432;2;31;7;NA;2;1;1;4;4;4;4;1;1;3;4;4;2;3;3;4;4;4;2;4;5;3;3;4;4;4;4;4;4;4;5;3;2;4;2;2;3;4;2;3;2;4;3;2;3;4;3;3;3;1;3,08333333333333;3,75;3,36363636363636;2,90909090909091
"249";434;2;30;7;NA;3;-1;1;3;3;4;4;3;2;4;3;3;4;1;4;4;5;5;2;4;4;5;4;4;2;3;3;5;4;1;3;5;3;5;5;5;5;6;4;4;5;2;5;3;4;5;5;5;1;1;3,16666666666667;3,75;4,27272727272727;3,90909090909091
"250";435;1;23;8;NA;1;-1;1;5;5;5;5;5;4;4;5;5;5;4;4;3;4;3;2;5;4;4;3;5;4;4;3;5;6;5;5;4;5;5;6;4;5;6;6;6;6;4;5;4;6;4;4;6;4;1;4,66666666666667;3,66666666666667;5,09090909090909;5
"251";436;1;23;9;"Bachelor";1;-1;2;5;5;5;4;4;3;3;4;4;4;4;4;2;3;4;3;4;4;2;3;3;1;5;2;5;3;4;4;4;4;5;5;5;3;5;4;5;6;6;3;3;5;5;5;6;3;1;4,08333333333333;3;4,27272727272727;4,63636363636364
"252";437;1;21;7;NA;3;-1;2;4;4;4;4;5;4;4;5;3;4;3;5;1;2;3;1;3;4;2;1;2;2;3;2;4;4;4;5;3;3;5;5;5;5;4;4;6;5;4;4;3;6;5;5;6;3;1;4,08333333333333;2,16666666666667;4,27272727272727;4,63636363636364
"253";438;2;20;7;NA;3;-1;2;4;4;4;5;4;2;3;4;4;5;4;3;4;2;5;2;6;5;3;5;5;4;4;4;6;5;5;5;4;5;5;2;4;4;5;5;6;5;4;5;5;6;6;4;6;5;1;3,83333333333333;4,08333333333333;4,54545454545455;5,18181818181818
"254";439;2;27;7;NA;2;-1;1;5;5;5;3;4;4;5;3;1;3;2;5;4;4;4;4;6;6;2;2;3;2;5;3;6;6;6;6;6;1;5;5;6;6;6;4;5;6;6;5;1;4;2;2;3;2;1;3,75;3,75;5,36363636363636;3,63636363636364
"255";441;2;26;4;NA;3;-1;2;5;4;3;4;5;3;4;4;3;4;3;5;1;4;3;1;6;6;5;2;1;1;4;1;6;6;6;6;6;6;6;6;6;6;6;6;6;6;4;6;3;6;6;4;6;2;1;3,91666666666667;2,91666666666667;6;5
"256";446;1;22;7;NA;2;1;1;5;5;5;4;4;5;5;5;5;5;2;4;4;3;4;1;4;6;3;1;1;4;5;3;6;6;5;4;5;5;6;6;6;6;6;4;5;6;6;5;6;5;6;4;6;5;1;4,5;3,25;5,54545454545455;5,27272727272727
"257";447;2;25;8;NA;1;1;1;4;4;4;3;3;4;4;2;1;3;1;4;4;4;6;4;6;6;3;4;5;4;5;6;6;5;6;5;5;5;5;3;4;6;6;3;5;5;5;4;2;5;5;5;6;4;1;3,08333333333333;4,75;5,09090909090909;4,45454545454545
"258";448;2;25;7;NA;3;-1;2;5;5;5;3;4;4;4;4;3;4;3;5;3;4;4;2;5;5;3;4;4;2;3;3;5;3;4;4;4;4;5;5;4;5;5;5;5;3;4;5;2;5;3;3;4;3;1;4,08333333333333;3,5;4,36363636363636;3,81818181818182
"259";449;2;22;7;NA;1;-1;1;3;4;3;3;4;1;5;3;2;3;2;3;4;5;6;1;6;6;4;4;3;6;3;4;6;6;5;6;6;3;6;6;6;6;6;6;4;5;6;6;2;6;5;2;6;1;1;3;4,33333333333333;5,63636363636364;4,45454545454545
"260";453;2;21;7;NA;1;-1;2;4;4;5;4;3;4;5;4;2;3;4;4;4;2;5;3;4;4;3;2;4;2;3;4;5;5;4;5;4;3;5;5;4;5;5;5;5;5;4;6;4;5;5;3;4;4;1;3,83333333333333;3,33333333333333;4,54545454545455;4,54545454545455
"261";455;1;26;7;NA;1;-1;2;5;5;3;5;2;2;3;3;4;4;2;2;4;3;5;1;4;4;4;3;5;1;2;4;6;6;3;4;3;5;5;3;4;5;6;5;6;6;5;6;6;6;6;6;6;6;1;3,33333333333333;3,33333333333333;4,54545454545455;5,81818181818182
"262";458;1;19;7;NA;1;-1;2;5;2;4;5;3;3;4;3;4;2;4;5;2;4;3;1;4;5;2;3;2;2;5;2;4;4;4;3;4;3;5;5;6;5;5;6;6;6;6;6;6;6;6;5;6;5;1;3,66666666666667;2,91666666666667;4,36363636363636;5,81818181818182
"263";462;2;22;8;NA;1;-1;2;3;4;5;4;1;2;4;1;3;1;4;1;5;6;4;1;3;5;5;6;3;3;5;2;5;2;5;3;4;5;6;5;6;4;6;4;5;4;5;5;2;6;5;5;6;3;1;2,75;4;4,63636363636364;4,54545454545455
"264";463;2;21;7;NA;1;-1;2;4;5;4;4;4;2;4;5;3;4;3;5;1;3;3;1;4;4;4;2;3;1;3;2;4;2;4;4;3;4;5;4;3;2;1;4;4;4;3;3;4;4;5;5;4;4;1;3,91666666666667;2,58333333333333;3,27272727272727;4
"265";467;2;20;7;NA;1;-1;2;3;4;4;4;5;2;3;1;2;3;2;4;2;5;3;2;5;5;2;4;3;2;3;2;6;6;4;5;3;4;6;6;6;4;5;1;2;5;4;2;1;2;4;2;4;1;1;3,08333333333333;3,16666666666667;5;2,54545454545455
"266";468;2;26;7;NA;1;-1;1;4;4;1;5;1;1;2;5;5;4;4;5;3;2;2;1;5;1;2;1;1;1;5;5;6;6;6;1;6;3;6;3;5;6;2;2;1;2;5;6;5;5;1;6;5;2;1;3,41666666666667;2,41666666666667;4,54545454545455;3,63636363636364
"267";469;2;25;8;NA;1;-1;1;4;5;3;4;4;3;4;4;4;3;2;2;4;4;5;2;4;3;3;3;1;2;4;4;3;3;3;3;2;2;5;5;5;3;1;5;6;3;6;6;5;6;6;3;6;2;1;3,5;3,25;3,18181818181818;4,90909090909091
"268";472;2;27;8;NA;1;-1;1;5;3;4;3;4;2;3;3;3;3;4;3;4;4;5;2;5;6;3;5;5;4;6;4;6;5;5;4;5;5;5;5;5;5;6;4;3;4;5;5;4;4;4;2;4;3;1;3,33333333333333;4,41666666666667;5,09090909090909;3,81818181818182
"269";473;2;22;7;NA;3;2;1;4;4;3;4;3;3;4;2;3;5;3;4;3;4;3;2;4;5;3;2;4;3;3;3;5;5;2;4;3;3;4;5;4;3;5;3;5;3;4;5;3;5;5;5;6;5;1;3,5;3,25;3,90909090909091;4,45454545454545
"270";475;2;25;7;NA;1;-1;1;4;5;5;4;2;4;5;5;4;4;4;2;5;5;4;1;5;5;2;3;4;5;5;5;5;6;4;4;3;4;5;6;4;4;5;4;6;4;3;4;1;6;4;3;5;3;1;4;4,08333333333333;4,54545454545455;3,90909090909091
"271";478;2;22;7;NA;1;-1;2;5;4;5;4;2;3;4;3;3;4;3;3;4;5;5;2;5;5;3;4;4;4;4;4;6;4;4;4;4;5;5;4;4;4;4;5;4;4;3;4;3;4;4;4;5;4;1;3,58333333333333;4,08333333333333;4,36363636363636;4
"272";480;2;20;7;NA;1;-1;2;5;4;4;5;2;1;4;3;2;5;4;4;5;2;3;1;5;6;2;4;4;3;6;2;6;4;3;5;5;6;5;6;6;5;6;4;5;5;4;5;1;5;6;6;6;6;1;3,58333333333333;3,58333333333333;5,18181818181818;4,81818181818182
"273";482;2;25;7;NA;3;-1;2;4;4;3;5;5;4;3;3;3;4;4;5;2;4;4;3;5;4;2;5;3;4;4;3;5;3;4;4;5;4;5;5;5;4;6;5;6;3;4;5;1;5;3;3;5;2;1;3,91666666666667;3,58333333333333;4,54545454545455;3,81818181818182
"274";483;1;22;7;NA;1;-1;2;4;4;3;4;3;2;3;3;3;2;2;3;4;2;4;4;5;5;2;2;4;4;4;4;5;4;5;5;4;5;6;5;6;5;6;4;1;6;5;3;3;1;3;3;6;3;1;3;3,66666666666667;5,09090909090909;3,45454545454545
"275";486;2;23;7;NA;1;-1;2;5;4;3;4;3;3;4;4;4;3;4;3;5;4;5;3;5;4;3;3;5;2;4;3;4;2;3;3;4;3;5;4;4;4;2;2;4;3;3;3;3;4;4;3;5;3;1;3,66666666666667;3,83333333333333;3,45454545454545;3,36363636363636
"276";487;2;23;8;NA;1;-1;2;4;5;5;4;5;2;4;5;3;4;4;3;3;4;3;2;5;5;4;4;3;2;3;4;6;5;3;2;4;4;5;4;6;6;6;5;5;5;5;5;1;5;5;5;6;4;1;4;3,5;4,63636363636364;4,63636363636364
"277";488;1;23;8;NA;1;-1;2;5;5;5;4;5;5;4;4;3;4;4;5;3;2;4;2;5;5;4;4;6;5;6;5;6;5;6;4;4;5;6;6;6;5;6;6;6;6;6;5;1;6;4;5;6;6;1;4,41666666666667;4,25;5,36363636363636;5,18181818181818
"278";489;2;29;8;NA;1;-1;2;5;2;2;3;4;2;4;4;4;5;3;3;5;5;5;5;5;5;5;4;5;5;5;5;6;6;3;2;5;5;5;3;3;5;6;6;6;4;4;6;5;6;6;6;6;6;1;3,41666666666667;4,91666666666667;4,45454545454545;5,54545454545455
"279";490;2;23;8;NA;2;-1;2;5;5;4;5;2;3;4;4;4;5;4;5;1;5;4;1;5;2;4;2;2;1;1;1;6;6;4;5;6;6;5;2;5;6;6;4;5;6;2;5;6;4;6;6;6;6;1;4,16666666666667;2,41666666666667;5,18181818181818;5,09090909090909
"280";492;2;26;7;NA;1;1;1;4;2;4;5;2;3;3;2;2;4;4;5;5;5;5;2;3;4;2;4;4;5;2;4;3;3;5;3;3;4;5;3;4;3;4;3;2;6;6;6;2;3;5;3;6;3;1;3,33333333333333;3,75;3,63636363636364;4,09090909090909
"281";494;2;22;7;NA;2;-1;2;5;5;5;2;5;1;4;5;4;4;5;4;2;1;3;2;4;5;2;1;3;1;5;1;5;5;4;5;3;2;4;6;5;5;5;2;3;5;6;4;2;3;2;3;4;1;1;4,08333333333333;2,5;4,45454545454545;3,18181818181818
"282";495;2;30;8;NA;2;1;1;3;5;3;3;2;4;4;4;2;2;2;4;4;5;6;2;5;6;6;5;4;4;4;3;6;5;4;4;4;5;6;5;6;5;5;6;4;3;5;5;3;5;6;4;6;3;1;3,16666666666667;4,5;5;4,54545454545455
"283";503;2;26;9;"Berufsausbildung";2;-1;1;3;4;2;4;3;1;2;3;2;2;2;4;3;5;5;2;4;5;6;2;3;2;3;3;3;3;4;3;5;2;6;6;6;5;5;3;3;4;3;1;2;3;4;4;5;5;1;2,66666666666667;3,58333333333333;4,36363636363636;3,36363636363636
"284";504;2;22;7;NA;1;-1;2;4;4;5;1;4;3;4;4;4;4;3;4;4;3;4;2;4;4;3;3;4;3;3;3;5;5;4;4;4;5;4;3;4;4;5;4;4;4;3;4;4;5;5;4;5;4;1;3,66666666666667;3,33333333333333;4,27272727272727;4,18181818181818
"285";505;3;20;7;NA;1;-1;2;3;4;3;4;2;3;3;1;2;2;3;5;4;4;5;3;3;4;2;4;3;4;4;4;4;2;2;3;2;2;5;5;3;4;5;2;6;4;4;4;2;6;5;5;4;5;1;2,91666666666667;3,66666666666667;3,36363636363636;4,27272727272727
"286";506;1;22;7;NA;1;-1;2;3;5;3;2;1;2;3;3;2;4;1;1;5;4;6;4;6;6;4;3;3;3;3;4;6;6;6;3;6;3;6;6;6;6;6;3;4;3;1;6;1;6;5;3;5;6;1;2,5;4,25;5,45454545454545;3,90909090909091
"287";507;1;20;7;NA;1;-1;2;3;4;2;5;3;2;2;1;2;1;2;2;5;4;6;3;5;5;3;4;6;4;5;6;5;5;4;5;5;4;5;4;5;4;6;3;6;5;5;5;5;6;4;3;5;3;1;2,41666666666667;4,66666666666667;4,72727272727273;4,54545454545455
"288";508;1;19;7;NA;1;-1;2;4;4;4;4;2;2;3;4;4;3;2;4;4;5;4;2;4;5;3;2;2;4;4;3;4;4;3;4;4;4;4;4;3;4;5;4;6;6;5;4;3;1;4;4;6;5;1;3,33333333333333;3,5;3,90909090909091;4,36363636363636
"289";509;2;24;7;NA;3;-1;2;5;4;5;5;5;2;5;4;4;4;4;3;4;2;2;2;4;5;3;2;4;4;5;4;4;4;3;5;3;2;5;5;4;4;4;4;5;4;5;4;2;4;4;3;4;2;1;4,16666666666667;3,41666666666667;3,90909090909091;3,72727272727273
"290";510;2;57;8;NA;1;-1;1;5;5;4;4;3;3;4;2;4;4;4;4;3;2;2;3;4;3;4;3;3;3;5;3;5;5;5;3;4;4;5;5;5;4;5;3;2;2;2;3;2;4;4;2;4;2;1;3,83333333333333;3,16666666666667;4,54545454545455;2,72727272727273
"291";511;2;22;7;NA;2;-1;2;5;5;4;1;3;5;5;4;3;5;2;4;1;1;3;2;6;6;4;6;4;3;3;5;3;3;2;5;2;2;4;5;2;6;5;6;6;1;5;6;3;6;4;2;6;3;1;3,83333333333333;3,66666666666667;3,54545454545455;4,36363636363636
"292";512;2;22;8;NA;3;-1;2;5;5;5;5;5;5;5;3;4;5;4;5;1;1;1;1;6;6;1;1;1;1;3;1;6;6;5;6;4;6;6;6;6;6;6;5;4;6;6;6;4;5;6;3;6;3;1;4,66666666666667;2;5,72727272727273;4,90909090909091
"293";513;2;20;7;NA;1;-1;2;4;3;5;4;3;2;3;3;2;2;1;2;1;3;3;2;4;3;6;5;4;2;2;4;6;6;6;2;1;6;6;6;6;6;6;3;3;5;6;4;1;5;2;2;3;1;1;2,83333333333333;3,25;5,18181818181818;3,18181818181818
"294";514;2;23;8;NA;2;-1;2;5;4;4;4;4;2;4;2;2;4;4;4;3;4;4;1;6;5;3;4;3;2;4;3;6;6;5;5;4;4;4;5;5;5;5;4;4;5;5;6;4;6;6;5;6;3;1;3,58333333333333;3,5;4,90909090909091;4,90909090909091
"295";516;2;22;7;NA;1;-1;1;5;4;4;4;3;3;4;5;3;5;2;4;2;4;4;2;5;5;2;4;5;4;4;5;6;4;5;4;4;5;4;5;4;5;6;5;4;4;2;5;2;4;4;3;5;3;1;3,83333333333333;3,83333333333333;4,72727272727273;3,72727272727273
"296";517;2;21;7;NA;1;-1;1;4;5;3;4;2;3;5;2;2;3;4;3;3;2;4;3;4;6;3;5;3;4;4;3;5;3;4;4;4;4;5;6;6;5;4;4;3;3;2;3;1;3;6;4;4;2;1;3,33333333333333;3,66666666666667;4,54545454545455;3,18181818181818
"297";518;2;21;7;NA;2;-1;2;5;5;4;4;3;3;4;1;3;2;3;1;5;3;4;3;4;6;3;5;4;6;5;5;6;5;3;5;5;4;6;6;4;6;6;4;4;2;3;6;3;4;5;4;6;3;1;3,16666666666667;4,41666666666667;5,09090909090909;4
"298";521;1;31;8;NA;2;-1;1;5;3;4;4;3;5;4;4;4;4;4;4;4;4;5;3;4;5;5;5;3;2;5;2;6;5;6;3;5;6;6;4;6;6;6;6;3;5;5;5;4;5;5;5;5;5;1;4;3,91666666666667;5,36363636363636;4,81818181818182
"299";522;2;22;8;NA;2;-1;2;3;5;2;2;1;1;2;1;1;2;1;1;6;5;6;4;6;6;5;6;3;6;6;6;6;6;6;5;3;5;5;5;5;5;5;1;4;5;5;2;2;5;3;1;5;1;1;1,83333333333333;5,41666666666667;5,09090909090909;3,09090909090909
"300";523;2;23;8;NA;2;-1;1;5;4;4;5;3;2;4;3;4;4;3;5;4;3;3;1;3;3;2;1;3;4;2;3;6;4;4;4;4;4;4;5;4;4;5;4;2;4;2;5;3;4;4;4;5;3;1;3,83333333333333;2,66666666666667;4,36363636363636;3,63636363636364
"301";524;2;27;7;NA;2;-1;2;5;5;3;5;4;3;5;3;4;3;4;1;4;3;4;2;6;5;3;6;4;4;5;5;5;5;5;3;5;4;4;5;5;5;5;5;2;2;5;5;2;4;5;5;4;1;1;3,75;4,25;4,63636363636364;3,63636363636364
"302";525;1;24;7;NA;3;-1;1;5;3;5;5;3;2;4;4;3;4;2;5;2;3;3;1;3;5;4;3;4;1;4;2;2;1;3;3;3;3;2;3;1;4;6;4;6;5;4;3;2;4;5;5;5;5;1;3,75;2,91666666666667;2,81818181818182;4,36363636363636
"303";526;2;23;7;NA;3;-1;2;5;3;3;5;2;4;4;4;3;5;3;4;4;4;5;2;4;5;5;3;4;2;4;3;4;2;3;1;3;4;5;5;4;6;4;5;5;3;6;4;3;5;5;5;5;6;1;3,75;3,75;3,72727272727273;4,72727272727273
"304";527;2;34;6;NA;1;-1;1;4;4;4;3;2;3;4;3;3;3;2;3;6;6;6;2;6;6;4;4;4;4;3;4;6;5;6;4;5;6;6;6;6;5;6;4;3;3;3;5;3;2;3;4;6;3;1;3,16666666666667;4,58333333333333;5,54545454545455;3,54545454545455
"305";528;2;22;8;NA;2;-1;2;4;5;5;4;4;4;4;4;2;4;4;4;5;4;5;2;5;5;4;5;5;4;6;4;5;5;2;3;2;2;4;5;3;3;4;5;4;6;6;6;4;5;5;4;6;4;1;4;4,5;3,45454545454545;5
"306";530;2;23;7;NA;1;-1;1;4;4;4;4;3;4;5;4;3;4;4;4;3;2;4;2;4;5;4;4;3;4;5;3;4;4;3;3;4;3;4;4;4;4;3;4;4;5;3;4;2;4;2;2;5;2;1;3,91666666666667;3,58333333333333;3,63636363636364;3,36363636363636
"307";531;2;33;8;NA;3;2;1;5;5;5;5;4;4;4;5;4;4;4;4;2;2;5;1;4;3;3;2;3;2;3;2;6;6;6;1;5;6;4;3;3;4;6;4;6;6;4;4;3;6;5;4;6;3;1;4,41666666666667;2,66666666666667;4,54545454545455;4,63636363636364
"308";532;2;20;7;NA;1;-1;2;5;5;3;3;4;5;4;4;3;4;2;5;4;4;5;1;5;6;1;2;5;5;6;4;6;4;4;5;5;4;5;4;3;6;6;3;6;5;6;4;3;6;5;4;4;2;1;3,91666666666667;4;4,72727272727273;4,36363636363636
"309";533;2;22;7;NA;1;-1;2;5;4;4;4;4;4;3;1;2;2;3;4;4;4;4;2;5;4;4;3;2;2;4;2;5;5;3;4;3;3;6;4;5;4;6;4;4;3;5;4;2;3;4;5;5;4;1;3,33333333333333;3,33333333333333;4,36363636363636;3,90909090909091
"310";535;2;24;7;NA;3;-1;2;5;4;3;3;5;5;4;3;2;4;2;4;5;4;5;4;6;5;3;1;3;4;6;4;6;6;6;5;5;3;6;3;4;6;6;3;3;3;4;1;1;2;2;1;1;1;1;3,66666666666667;4,16666666666667;5,09090909090909;2
"311";536;2;21;7;NA;1;-1;2;5;4;5;5;3;3;4;4;3;4;1;4;5;3;3;3;4;4;4;3;3;3;2;3;5;5;4;5;4;4;5;6;3;3;5;4;5;2;6;4;4;4;6;6;5;5;1;3,75;3,33333333333333;4,45454545454545;4,63636363636364
"312";540;2;22;7;NA;3;-1;1;5;4;5;5;1;2;3;2;3;3;2;4;4;6;3;1;4;6;2;5;4;1;3;2;1;1;5;3;5;1;5;6;5;5;1;3;3;3;5;1;1;3;4;2;2;1;1;3,25;3,41666666666667;3,45454545454545;2,54545454545455
"313";541;2;24;8;NA;1;-1;2;4;3;3;4;1;2;4;2;2;3;2;4;4;5;5;4;6;5;1;4;4;5;4;4;5;5;4;5;4;6;4;2;4;5;6;3;2;5;4;5;3;2;5;4;6;4;1;2,83333333333333;4,25;4,54545454545455;3,90909090909091
"314";542;1;21;7;NA;2;-1;2;4;3;3;4;4;3;4;3;2;3;3;3;4;4;4;3;3;4;4;3;4;4;4;3;4;4;3;3;3;3;4;3;3;4;3;4;4;5;5;5;4;5;5;4;6;5;1;3,25;3,66666666666667;3,36363636363636;4,72727272727273
"315";544;2;21;7;NA;3;-1;2;5;5;5;4;4;3;5;5;4;4;3;4;3;2;4;1;4;5;3;2;5;3;5;3;5;4;5;3;5;5;6;5;4;5;6;5;4;4;5;5;4;5;4;4;4;3;1;4,25;3,33333333333333;4,81818181818182;4,27272727272727
"316";545;2;19;7;NA;1;-1;2;1;5;5;1;5;5;1;5;5;1;5;5;1;1;1;1;1;6;1;1;1;1;6;1;1;1;1;6;1;1;1;1;1;1;1;1;6;6;6;1;1;1;1;1;1;1;1;3,66666666666667;1,83333333333333;1,45454545454545;2,36363636363636
"317";547;1;26;7;NA;1;-1;1;4;4;4;5;3;2;4;4;4;5;2;2;4;3;4;3;3;4;4;3;3;4;3;4;4;3;2;2;3;2;4;3;2;5;2;5;5;4;2;6;6;6;6;6;6;6;1;3,58333333333333;3,5;2,90909090909091;5,27272727272727
"318";550;2;23;8;NA;2;-1;2;5;4;5;5;5;5;3;4;3;5;4;5;4;3;4;2;4;5;2;3;3;2;4;4;4;3;4;4;4;4;5;5;5;5;5;4;4;5;5;2;2;4;4;3;4;3;1;4,41666666666667;3,33333333333333;4,36363636363636;3,63636363636364
"319";551;2;59;8;NA;1;-1;1;5;4;5;4;3;5;3;2;3;4;5;1;5;2;6;2;5;6;2;4;3;5;6;6;6;5;4;5;3;4;5;6;6;4;6;4;4;6;6;6;5;4;5;4;6;5;1;3,66666666666667;4,33333333333333;4,90909090909091;5
"320";552;1;21;7;NA;3;-1;2;3;2;2;5;1;1;2;2;4;3;2;1;5;2;2;2;1;2;2;2;2;1;5;3;3;2;1;3;1;2;4;4;2;1;3;4;6;6;5;6;6;6;6;6;6;6;1;2,33333333333333;2,41666666666667;2,36363636363636;5,72727272727273
"321";553;2;23;8;NA;3;-1;2;4;4;4;4;4;4;4;5;3;4;5;5;4;4;4;2;5;4;4;4;5;3;4;3;6;6;5;6;5;5;5;5;5;6;6;4;4;4;3;4;3;6;4;3;4;3;1;4,16666666666667;3,83333333333333;5,45454545454545;3,81818181818182
"322";554;2;27;7;NA;2;-1;2;5;5;5;5;4;5;5;4;1;5;4;5;2;3;4;6;4;5;1;4;3;1;6;4;6;6;4;2;3;4;5;6;4;6;6;3;6;5;6;5;1;6;6;4;5;2;1;4,41666666666667;3,58333333333333;4,72727272727273;4,45454545454545
"323";557;1;19;7;NA;3;-1;2;5;3;3;4;4;2;4;4;1;4;3;2;4;4;5;2;5;5;1;4;3;3;5;4;6;6;5;2;5;5;6;6;6;6;6;5;3;4;6;3;1;5;4;1;6;5;1;3,25;3,75;5,36363636363636;3,90909090909091
"324";559;2;22;7;NA;2;-1;2;5;5;5;4;5;5;4;5;4;2;5;5;2;3;4;1;5;5;3;1;1;1;2;2;6;6;5;3;6;6;6;6;6;6;6;2;6;6;3;2;2;6;5;2;6;2;1;4,5;2,5;5,63636363636364;3,81818181818182
"325";560;2;20;7;NA;3;-1;2;4;5;1;5;3;1;5;5;4;2;4;1;6;5;6;1;4;6;6;4;4;2;6;6;4;4;1;5;1;2;6;6;6;6;4;6;4;4;5;1;6;4;6;4;6;4;1;3,33333333333333;4,66666666666667;4,09090909090909;4,54545454545455
"326";561;2;31;8;NA;2;1;1;5;3;5;4;4;1;4;3;2;2;2;3;3;4;5;2;4;6;1;5;4;3;4;3;6;1;4;5;5;2;6;5;5;5;6;2;3;6;6;5;2;3;4;2;5;2;1;3,16666666666667;3,66666666666667;4,54545454545455;3,63636363636364
"327";563;1;30;7;NA;2;3;1;5;5;5;5;5;5;5;5;4;5;2;5;2;4;4;1;5;2;2;2;4;1;3;3;6;4;4;6;4;4;6;4;6;5;6;5;6;6;5;4;1;6;4;4;6;5;1;4,66666666666667;2,75;5;4,72727272727273
"328";564;2;29;8;NA;3;-1;1;5;4;5;5;4;3;4;4;3;4;5;5;2;2;4;1;3;3;2;3;4;1;4;2;4;4;3;4;2;3;4;4;3;4;3;2;3;6;3;3;2;3;3;4;4;2;1;4,25;2,58333333333333;3,45454545454545;3,18181818181818
"329";565;1;22;7;NA;3;-1;2;5;4;4;5;3;3;4;4;3;5;2;5;3;4;2;2;4;6;2;2;3;2;4;3;6;4;5;5;4;2;4;4;2;2;6;3;6;6;6;5;5;5;5;5;6;4;1;3,91666666666667;3,08333333333333;4;5,09090909090909
"330";566;1;30;8;NA;2;-1;2;5;4;5;5;4;2;4;3;3;4;2;2;3;1;4;2;3;4;5;4;5;1;6;1;5;4;1;4;3;4;6;6;6;5;6;3;4;4;5;1;1;6;6;5;6;1;1;3,58333333333333;3,25;4,54545454545455;3,81818181818182
"331";567;2;21;7;NA;2;-1;2;4;4;2;3;4;3;4;2;2;3;2;2;5;3;5;2;4;6;4;3;5;5;5;4;3;2;3;4;4;3;2;3;3;4;3;3;5;3;4;3;2;5;2;4;3;3;1;2,91666666666667;4,25;3,09090909090909;3,36363636363636
"332";568;2;22;7;NA;3;-1;2;4;4;2;5;1;1;3;1;4;2;3;1;5;5;5;5;5;6;1;3;6;6;3;3;6;6;4;2;2;5;3;2;3;1;6;5;5;3;1;6;3;4;6;6;6;4;1;2,58333333333333;4,41666666666667;3,63636363636364;4,45454545454545
"333";570;2;23;7;NA;2;-1;2;4;4;3;4;4;2;3;2;2;4;4;3;4;4;4;2;3;4;3;3;3;3;4;4;4;5;4;3;3;3;3;4;3;4;4;3;4;4;1;5;2;5;3;4;4;4;1;3,25;3,41666666666667;3,63636363636364;3,54545454545455
"334";571;2;20;7;NA;3;-1;2;5;5;4;3;5;3;5;2;3;3;4;2;5;4;5;2;4;5;5;5;3;4;1;3;5;6;3;1;1;2;4;6;6;6;4;5;6;5;6;6;2;6;2;1;5;1;1;3,66666666666667;3,83333333333333;4;4,09090909090909
"335";572;2;27;8;NA;3;3;1;5;4;5;4;5;3;5;4;5;5;1;5;2;1;4;1;3;6;3;3;2;1;6;2;4;3;3;5;2;1;5;5;3;5;4;5;6;5;4;3;2;6;5;1;5;2;1;4,25;2,83333333333333;3,63636363636364;4
"336";573;2;23;7;NA;3;-1;2;5;4;5;4;4;2;4;5;3;4;2;3;5;3;6;4;6;6;5;5;4;6;6;6;6;6;2;5;6;6;5;5;4;5;6;5;5;6;1;6;5;5;5;6;6;6;1;3,75;5,16666666666667;5,09090909090909;5,09090909090909
"337";574;2;26;8;NA;3;-1;1;4;4;5;4;1;3;3;4;3;4;1;5;4;6;3;3;5;4;2;2;4;1;3;3;6;6;3;3;4;3;6;5;6;6;5;6;4;3;1;4;3;4;6;4;6;3;1;3,41666666666667;3,33333333333333;4,81818181818182;4
"338";575;1;29;8;NA;2;-1;1;4;4;3;5;3;4;3;3;3;3;3;2;4;4;5;2;4;5;3;2;2;3;4;2;6;5;5;4;4;5;6;6;5;5;6;5;5;5;4;4;1;5;3;4;5;3;1;3,33333333333333;3,33333333333333;5,18181818181818;4
"339";576;2;23;7;NA;2;-1;1;4;5;4;3;4;4;4;3;3;4;5;4;2;5;5;2;4;3;3;2;3;2;2;3;5;5;3;5;4;3;5;5;5;2;4;2;3;3;2;4;1;4;5;5;3;2;1;3,91666666666667;3;4,18181818181818;3,09090909090909
"340";577;2;28;7;NA;2;-1;1;4;4;3;3;2;3;4;2;2;3;3;2;4;4;5;2;4;5;5;4;4;4;4;4;5;4;4;4;5;3;5;4;5;4;6;3;4;3;2;3;2;4;4;4;4;3;1;2,91666666666667;4,08333333333333;4,45454545454545;3,27272727272727
"341";578;2;20;7;NA;2;-1;2;4;4;4;4;4;4;3;5;3;4;4;5;2;3;2;2;3;3;3;2;1;2;3;4;5;5;4;4;4;4;5;3;4;5;5;2;5;6;2;5;4;5;5;5;6;5;1;4;2,5;4,36363636363636;4,54545454545455
"342";579;1;23;8;NA;3;-1;2;5;5;5;4;4;5;4;5;4;5;5;4;4;3;4;2;6;5;2;3;4;4;4;4;6;6;6;5;6;6;6;5;5;6;6;4;6;6;6;5;4;6;6;6;6;5;1;4,58333333333333;3,75;5,72727272727273;5,45454545454545
"343";580;2;20;7;NA;3;-1;2;4;4;5;4;4;5;3;4;3;3;4;5;2;4;4;2;4;5;2;5;3;2;5;3;6;5;4;5;4;4;4;5;5;4;4;2;3;5;5;3;1;3;5;4;5;2;1;4;3,41666666666667;4,54545454545455;3,45454545454545
"344";581;2;21;7;NA;3;-1;1;5;4;4;5;4;2;3;2;2;3;2;4;6;5;5;5;4;5;4;2;6;5;5;5;3;3;4;3;3;1;4;2;2;1;2;5;1;4;6;5;1;2;6;6;2;6;1;3,33333333333333;4,75;2,54545454545455;4
"345";583;1;22;7;NA;1;-1;2;5;4;5;5;5;4;4;5;4;4;4;4;2;2;4;2;5;5;3;2;4;2;2;2;6;6;5;5;2;3;4;4;4;6;6;4;5;4;4;6;5;6;6;5;6;4;1;4,41666666666667;2,91666666666667;4,63636363636364;5
"346";584;2;24;7;NA;3;-1;2;5;5;5;5;2;2;5;4;4;5;3;5;4;1;1;1;2;2;2;2;1;1;2;1;6;4;5;5;4;2;4;1;5;5;6;6;6;2;6;6;1;6;6;6;4;1;1;4,16666666666667;1,66666666666667;4,27272727272727;4,54545454545455
"347";585;2;20;7;NA;3;-1;2;5;4;5;5;4;2;5;5;3;5;4;5;4;6;5;1;5;4;6;5;5;3;5;3;6;6;6;5;6;6;6;4;4;6;6;6;6;6;4;5;5;6;3;4;6;5;1;4,33333333333333;4,33333333333333;5,54545454545455;5,09090909090909
"348";586;1;26;8;NA;2;-1;1;5;4;4;5;4;2;3;4;3;3;2;4;6;4;6;4;6;4;1;2;3;4;4;4;6;4;3;5;4;3;6;5;4;5;5;5;5;5;5;5;6;6;5;5;6;4;1;3,58333333333333;4;4,54545454545455;5,18181818181818
"349";587;2;19;7;NA;3;-1;2;4;4;3;5;3;2;4;4;4;4;3;4;4;3;4;1;4;5;4;3;5;4;5;3;5;6;5;4;3;4;5;4;5;6;6;4;5;5;3;6;5;5;6;5;6;4;1;3,66666666666667;3,75;4,81818181818182;4,90909090909091
"350";590;2;35;7;NA;2;3;1;5;5;2;4;3;2;5;5;3;4;2;4;3;4;4;1;3;2;5;2;4;1;3;2;5;5;4;5;2;3;5;4;4;4;5;5;4;5;5;4;2;5;5;5;6;4;1;3,66666666666667;2,83333333333333;4,18181818181818;4,54545454545455
"351";592;2;23;7;NA;3;-1;2;3;4;5;4;3;3;3;4;4;3;3;4;5;4;4;3;3;5;3;4;4;2;4;3;4;3;3;3;4;3;4;4;4;4;4;3;4;5;4;5;3;5;5;4;5;3;1;3,58333333333333;3,66666666666667;3,63636363636364;4,18181818181818
"352";593;2;21;7;NA;3;-1;2;5;4;3;5;3;2;2;3;3;3;2;4;3;2;2;1;3;3;2;3;4;2;3;2;5;4;2;4;2;2;3;5;4;4;4;4;5;5;5;3;6;5;6;6;6;6;1;3,25;2,5;3,54545454545455;5,18181818181818
"353";594;2;21;7;NA;2;-1;2;4;4;5;4;4;3;4;5;2;4;4;4;3;3;4;3;5;4;4;2;5;2;6;4;6;4;4;5;5;5;4;5;6;5;5;4;4;5;6;4;4;5;6;5;6;5;1;3,91666666666667;3,75;4,90909090909091;4,90909090909091
"354";600;2;20;7;NA;2;-1;2;4;5;4;4;4;2;4;4;3;4;1;4;4;3;5;3;5;5;3;4;5;4;4;4;5;4;2;3;3;4;5;5;5;5;3;5;4;4;5;6;5;4;6;3;4;3;1;3,58333333333333;4,08333333333333;4;4,45454545454545
"355";601;2;23;7;NA;2;-1;2;4;4;5;4;3;2;4;2;2;5;4;5;3;4;4;2;3;4;1;2;5;2;1;3;6;6;5;4;4;5;5;5;3;4;5;4;5;5;2;6;2;6;6;5;6;4;1;3,66666666666667;2,83333333333333;4,72727272727273;4,63636363636364
"356";602;2;23;7;NA;2;-1;2;4;5;4;5;3;5;4;4;2;4;3;4;5;4;5;2;5;6;2;3;4;4;4;3;5;4;5;5;4;4;5;5;5;5;6;4;4;5;6;5;1;4;4;4;5;3;1;3,91666666666667;3,91666666666667;4,81818181818182;4,09090909090909
"357";603;2;26;8;NA;2;1;1;5;5;5;5;4;5;4;5;2;5;5;1;5;3;5;3;5;4;5;5;4;4;5;5;5;5;2;4;2;3;5;3;5;5;5;6;4;4;5;5;4;5;5;5;5;5;1;4,25;4,41666666666667;4;4,81818181818182
"358";604;2;21;7;NA;2;-1;2;5;5;4;5;3;3;3;2;3;2;3;3;3;4;4;2;6;5;2;5;6;4;6;3;6;6;4;3;4;5;6;6;6;6;6;4;4;5;5;4;2;2;4;3;6;2;1;3,41666666666667;4,16666666666667;5,27272727272727;3,72727272727273
"359";605;2;27;8;NA;3;-1;1;5;3;4;3;2;3;4;5;2;5;2;4;4;5;5;2;4;5;2;4;3;3;3;4;5;5;4;5;4;4;5;2;4;4;4;4;4;3;5;5;4;4;5;5;5;3;1;3,5;3,66666666666667;4,18181818181818;4,27272727272727
"360";608;1;29;7;NA;1;3;1;4;4;2;5;2;2;3;2;2;4;4;2;3;4;3;2;5;5;3;4;4;2;2;2;6;5;5;5;5;4;6;5;6;5;6;3;4;5;5;4;4;5;5;5;5;4;1;3;3,25;5,27272727272727;4,45454545454545
"361";609;2;24;7;NA;3;-1;1;5;5;4;4;4;4;4;3;3;4;4;3;4;4;4;1;4;6;3;4;5;4;6;4;5;5;5;5;3;4;5;5;5;5;5;4;5;5;3;5;4;5;4;4;6;5;1;3,91666666666667;4,08333333333333;4,72727272727273;4,54545454545455
"362";611;1;20;7;NA;2;-1;2;4;5;5;3;3;4;4;3;4;5;4;5;5;4;4;1;5;6;3;3;4;4;2;3;6;4;4;5;5;5;6;6;6;6;4;2;5;6;1;2;1;5;5;4;6;6;1;4,08333333333333;3,66666666666667;5,18181818181818;3,90909090909091
"363";612;2;23;7;NA;3;-1;2;4;5;4;3;4;4;4;4;2;4;3;4;3;2;3;2;2;2;5;2;2;2;5;3;6;6;3;6;5;5;5;5;4;5;6;3;6;4;5;5;2;6;4;4;5;4;1;3,75;2,75;5,09090909090909;4,36363636363636
"364";613;2;23;8;NA;3;-1;2;4;5;5;4;3;3;4;4;3;2;2;2;4;4;3;2;4;5;4;3;3;3;6;3;5;2;1;1;5;2;5;5;5;5;3;5;3;6;6;6;5;6;6;4;6;3;1;3,41666666666667;3,66666666666667;3,54545454545455;5,09090909090909
"365";614;2;23;8;NA;2;2;1;4;4;3;4;3;4;3;3;2;3;3;2;5;3;2;1;4;3;2;3;3;4;1;4;5;1;6;1;6;5;3;5;5;2;6;5;5;6;5;6;1;4;5;5;6;3;1;3,16666666666667;2,91666666666667;4,09090909090909;4,63636363636364
"366";615;1;20;7;NA;3;-1;1;3;4;5;4;3;2;4;1;3;2;2;5;4;5;4;1;4;6;3;3;2;3;6;3;6;5;4;4;4;4;5;2;4;6;6;3;4;6;2;4;1;4;6;4;6;2;1;3,16666666666667;3,66666666666667;4,54545454545455;3,81818181818182
"367";616;2;26;8;NA;3;-1;2;5;5;4;3;4;3;4;3;3;3;3;5;3;4;4;3;4;5;3;2;4;4;5;3;3;4;3;4;4;4;4;4;4;5;5;5;3;3;4;5;2;3;4;4;5;3;1;3,75;3,66666666666667;4;3,72727272727273
"368";617;2;23;8;NA;3;-1;2;3;4;3;2;2;2;3;4;4;2;2;1;5;4;4;2;3;5;2;3;4;6;5;5;6;6;4;6;4;3;6;3;2;5;6;5;2;6;6;5;6;3;5;5;6;6;1;2,66666666666667;4;4,63636363636364;5
"369";618;2;23;7;NA;3;-1;2;4;5;2;5;4;4;5;4;5;4;3;3;4;5;5;2;5;5;3;2;4;5;3;4;6;6;5;5;5;5;5;5;5;5;6;5;5;5;5;5;3;5;6;3;5;2;1;4;3,91666666666667;5,27272727272727;4,45454545454545
"370";619;1;24;7;NA;3;-1;1;5;5;4;4;4;4;4;5;3;3;4;5;4;4;4;2;3;5;3;2;4;2;5;3;5;4;4;5;3;4;5;5;5;5;4;3;6;5;5;3;3;6;3;3;6;4;1;4,16666666666667;3,41666666666667;4,45454545454545;4,27272727272727
"371";620;1;29;7;NA;2;-1;1;4;4;5;5;4;3;4;4;2;4;5;1;4;4;5;2;5;5;4;5;4;6;3;5;4;6;6;5;4;5;6;2;5;6;6;6;1;3;5;6;1;1;5;6;2;6;1;3,75;4,33333333333333;5;3,81818181818182
"372";621;2;25;7;NA;2;-1;1;4;4;2;2;3;4;4;2;2;3;1;3;4;4;5;1;6;5;3;5;2;4;5;4;5;6;5;4;5;5;5;5;5;6;6;5;6;4;6;6;2;6;4;4;5;2;1;2,83333333333333;4;5,18181818181818;4,54545454545455
"373";622;2;28;7;NA;3;-1;2;4;5;5;5;2;3;5;5;4;4;3;5;5;4;4;3;6;4;4;3;3;2;2;4;5;3;3;3;2;4;6;5;5;5;6;3;4;2;3;3;2;4;6;4;5;4;1;4,16666666666667;3,66666666666667;4,27272727272727;3,63636363636364
"374";623;2;23;8;NA;2;-1;2;5;5;4;5;3;2;4;3;4;4;4;4;3;2;3;1;4;5;5;2;4;1;4;2;5;4;5;4;5;4;5;5;6;5;4;3;4;5;5;4;4;4;6;6;6;5;1;3,91666666666667;3;4,72727272727273;4,72727272727273
"375";624;2;23;7;NA;2;1;1;5;5;3;4;4;1;4;4;3;4;3;5;4;4;4;2;4;5;3;4;4;5;5;4;6;5;5;4;5;5;5;4;5;5;5;4;3;6;3;4;3;5;5;4;6;2;1;3,75;4;4,90909090909091;4,09090909090909
"376";625;2;24;7;NA;3;3;1;4;5;4;3;3;4;4;3;3;4;4;4;4;4;4;2;4;5;3;2;4;4;4;2;6;6;5;5;5;5;6;6;4;5;5;4;6;6;6;3;3;6;4;4;4;2;1;3,75;3,5;5,27272727272727;4,36363636363636
"377";628;2;21;7;NA;3;-1;2;4;4;3;3;5;5;4;3;4;4;2;5;4;3;4;2;6;6;4;3;6;5;5;4;5;3;4;6;4;3;5;5;5;5;4;5;5;6;6;4;1;5;5;4;5;2;1;3,83333333333333;4,33333333333333;4,45454545454545;4,36363636363636
"378";629;2;32;8;NA;3;-1;1;4;4;5;5;3;4;4;5;4;5;4;5;6;6;5;1;4;5;2;4;3;1;5;1;6;4;4;5;4;4;5;6;5;4;5;3;4;6;6;5;4;4;4;5;6;6;1;4,33333333333333;3,58333333333333;4,72727272727273;4,81818181818182
"379";630;2;21;7;NA;2;-1;2;4;5;5;4;5;5;4;5;4;3;4;5;3;4;4;2;4;5;3;2;3;2;4;4;3;4;3;1;3;3;5;5;5;4;4;4;5;4;5;5;3;5;5;4;4;4;1;4,41666666666667;3,33333333333333;3,63636363636364;4,36363636363636
"380";631;2;23;7;NA;3;-1;2;5;5;5;5;3;1;3;3;3;4;1;5;3;3;5;1;4;5;1;4;3;1;3;1;6;4;1;1;4;6;2;5;6;1;3;1;6;6;6;5;6;6;2;1;6;3;1;3,58333333333333;2,83333333333333;3,54545454545455;4,36363636363636
"381";632;2;20;7;NA;2;-1;2;5;5;5;3;3;1;5;3;5;3;3;3;4;3;4;3;4;5;5;4;6;5;4;3;6;6;6;6;6;6;6;6;6;6;6;4;5;4;5;6;1;5;6;6;3;2;1;3,66666666666667;4,16666666666667;6;4,27272727272727
"382";633;2;20;7;NA;1;-1;2;3;4;4;4;3;3;3;2;2;3;3;3;3;2;4;2;3;3;2;3;4;2;4;2;4;3;2;3;2;4;5;4;4;4;3;3;5;2;5;5;4;5;4;4;5;4;1;3,08333333333333;2,83333333333333;3,45454545454545;4,18181818181818
"383";634;1;20;7;NA;3;-1;2;5;4;5;1;4;5;4;4;3;5;4;5;3;3;3;2;4;5;2;3;4;2;4;3;5;5;4;4;4;4;4;4;4;4;6;4;6;5;5;4;4;6;4;4;4;4;1;4,08333333333333;3,16666666666667;4,36363636363636;4,54545454545455
"384";636;2;23;7;NA;3;2;1;5;5;5;5;4;4;4;4;2;4;3;4;4;3;4;1;6;5;4;1;2;1;6;1;4;3;3;5;2;1;6;4;4;4;3;3;5;3;4;5;1;5;5;4;4;3;1;4,08333333333333;3,16666666666667;3,54545454545455;3,81818181818182
"385";638;2;25;7;NA;2;-1;2;5;4;4;3;4;3;4;3;3;5;4;5;6;3;3;4;3;3;4;3;3;1;5;3;4;4;2;4;2;4;4;4;3;4;3;2;4;4;3;2;2;5;4;2;5;2;1;3,91666666666667;3,41666666666667;3,45454545454545;3,18181818181818
"386";639;2;20;7;NA;3;-1;2;4;5;4;4;3;4;3;5;2;3;4;4;4;3;5;4;5;5;4;4;2;4;5;3;6;5;3;2;4;4;5;4;5;5;4;2;5;6;3;3;3;5;5;4;1;2;1;3,75;4;4,27272727272727;3,54545454545455
"387";640;1;20;7;NA;3;-1;2;5;5;4;5;4;4;3;5;3;5;4;4;3;3;4;4;4;4;3;4;4;2;3;2;6;4;4;4;5;5;4;4;4;4;6;5;4;2;3;3;3;6;5;5;6;3;1;4,25;3,33333333333333;4,54545454545455;4,09090909090909
"388";641;1;24;8;NA;2;-1;2;5;3;5;5;2;3;4;4;1;4;1;4;5;5;6;4;5;6;3;2;2;2;2;2;6;6;6;5;5;6;5;2;4;4;6;5;6;3;5;5;6;6;6;6;6;6;1;3,41666666666667;3,66666666666667;5;5,45454545454545
"389";642;2;23;7;NA;2;-1;1;4;4;3;5;4;3;3;4;2;4;3;5;4;5;4;2;3;4;4;1;2;1;2;1;5;3;4;1;2;1;4;5;5;3;3;3;3;2;2;4;1;2;4;4;6;2;1;3,66666666666667;2,75;3,27272727272727;3
"390";643;2;40;8;NA;2;1;1;4;4;4;4;3;4;4;3;1;3;3;4;5;5;6;4;6;5;4;4;4;6;5;4;6;6;6;5;5;5;6;5;6;5;6;4;5;5;4;4;5;5;4;4;4;5;1;3,41666666666667;4,83333333333333;5,54545454545455;4,45454545454545
"391";644;2;20;7;NA;3;-1;2;4;4;2;3;4;3;4;2;2;2;2;4;4;3;5;3;4;6;2;3;4;3;5;4;6;5;4;4;5;5;5;5;5;5;5;5;6;5;6;6;2;6;4;2;5;1;1;3;3,83333333333333;4,90909090909091;4,36363636363636
"392";645;1;18;7;NA;2;-1;2;4;4;5;3;3;2;5;3;2;3;1;1;5;4;4;2;3;4;5;4;4;4;4;4;6;5;4;4;3;4;6;5;5;5;5;6;4;5;3;3;3;4;4;3;5;4;1;3;3,91666666666667;4,72727272727273;4
"393";647;2;31;8;NA;3;-1;2;5;4;5;5;4;2;5;5;3;4;2;4;4;3;4;3;5;5;5;2;3;3;3;3;6;6;6;5;5;4;6;6;6;6;6;3;2;3;2;4;1;2;4;3;4;2;1;4;3,58333333333333;5,63636363636364;2,72727272727273
"394";649;2;25;7;NA;3;-1;2;4;5;3;3;3;4;4;2;1;3;2;2;5;5;5;4;5;5;3;3;4;6;6;6;5;5;1;5;3;4;6;6;5;5;6;4;2;6;5;4;1;3;4;2;5;1;1;3;4,75;4,63636363636364;3,36363636363636
"395";651;1;26;8;NA;3;-1;1;5;4;5;5;4;4;4;5;5;5;4;5;2;1;3;1;2;3;1;1;1;1;2;1;4;4;3;3;4;1;2;4;1;2;4;4;6;6;6;6;4;6;6;6;6;6;1;4,58333333333333;1,58333333333333;2,90909090909091;5,63636363636364
"396";652;2;28;7;NA;1;-1;1;5;5;4;4;2;4;4;2;2;5;4;3;3;5;5;2;4;3;5;4;3;4;2;2;6;5;6;5;6;6;5;5;5;5;6;5;6;3;3;3;2;6;4;4;4;3;1;3,66666666666667;3,5;5,45454545454545;3,90909090909091
"397";653;2;24;8;NA;2;-1;2;3;5;5;4;5;5;5;2;1;4;2;3;6;6;6;2;5;6;4;5;5;6;5;4;6;6;6;3;6;6;6;1;6;6;6;4;5;5;5;6;1;6;4;4;6;2;1;3,66666666666667;5;5,27272727272727;4,36363636363636
"398";654;2;24;7;NA;3;-1;2;5;5;4;5;2;3;4;2;2;4;4;2;3;3;4;2;4;6;3;3;4;4;4;3;6;5;3;2;4;3;5;5;4;4;4;3;2;5;4;4;1;3;4;3;5;2;1;3,5;3,58333333333333;4,09090909090909;3,27272727272727
"399";656;2;24;8;NA;3;-1;1;4;4;4;4;3;3;4;2;2;4;4;2;4;6;6;2;5;6;2;5;4;5;5;5;5;5;5;5;5;5;5;5;5;5;6;5;5;4;3;3;1;5;2;2;2;2;1;3,33333333333333;4,58333333333333;5,09090909090909;3,09090909090909
"400";659;2;27;8;NA;3;3;1;3;5;3;5;4;5;4;3;1;3;4;1;5;5;6;3;6;6;2;5;6;6;5;5;6;6;6;5;6;6;6;6;6;6;6;6;2;5;3;5;4;2;4;4;5;2;1;3,41666666666667;5;5,90909090909091;3,81818181818182
"401";660;2;26;8;NA;3;-1;1;5;4;4;4;4;2;3;4;3;3;1;4;2;4;3;1;2;5;1;2;3;1;4;3;4;4;1;1;3;2;6;6;6;6;6;2;3;6;3;4;1;2;1;1;5;1;1;3,41666666666667;2,58333333333333;4,09090909090909;2,63636363636364
"402";661;2;23;8;NA;3;-1;2;4;5;4;4;4;2;4;4;3;3;3;2;5;4;5;2;4;5;5;4;4;5;5;4;5;5;2;5;4;2;5;5;5;5;4;4;4;5;3;4;1;4;4;3;4;4;1;3,5;4,33333333333333;4,27272727272727;3,63636363636364
"403";662;2;21;7;NA;3;-1;2;5;4;5;3;3;4;4;4;4;4;2;5;3;3;5;3;4;5;3;4;3;4;4;3;6;4;4;4;4;4;5;5;5;6;6;5;5;6;5;6;2;5;3;4;6;4;1;3,91666666666667;3,66666666666667;4,81818181818182;4,63636363636364
"404";663;2;27;7;NA;3;2;1;4;4;4;3;3;4;5;2;2;2;3;2;6;5;5;5;5;5;5;6;6;5;4;4;5;6;4;5;4;5;6;2;4;6;5;1;3;3;3;5;4;4;5;4;5;4;1;3,16666666666667;5,08333333333333;4,72727272727273;3,72727272727273
"405";667;2;23;7;NA;2;-1;2;5;4;3;4;4;2;3;4;2;3;2;3;5;3;6;3;5;5;5;3;5;4;4;5;6;6;5;4;5;5;6;6;4;5;6;4;4;3;3;5;3;5;5;4;6;4;1;3,25;4,41666666666667;5,27272727272727;4,18181818181818
"406";670;1;30;8;NA;2;-1;2;5;5;5;5;3;2;3;5;2;2;5;4;4;1;4;1;4;4;1;3;3;4;1;4;6;6;4;3;6;6;6;6;6;6;6;3;1;1;4;6;6;3;6;4;6;6;1;3,83333333333333;2,83333333333333;5,54545454545455;4,18181818181818
"407";671;1;40;8;NA;3;-1;2;5;4;1;4;3;3;4;5;2;2;2;5;5;3;4;1;6;6;3;2;1;4;5;1;6;6;6;2;6;6;6;5;6;6;6;2;2;1;2;4;1;5;1;2;3;1;1;3,33333333333333;3,41666666666667;5,54545454545455;2,18181818181818
"408";672;2;20;7;NA;3;-1;2;4;5;4;4;2;2;5;4;3;3;4;4;4;4;3;1;4;5;2;3;3;1;3;2;4;2;4;5;4;2;6;3;6;6;6;2;4;6;6;5;2;5;4;2;6;4;1;3,66666666666667;2,91666666666667;4,36363636363636;4,18181818181818
"409";673;2;23;7;NA;3;-1;2;5;4;4;5;3;2;4;4;3;4;3;3;4;3;5;2;4;4;2;5;4;3;5;3;4;3;2;4;3;4;4;4;5;3;4;5;4;5;4;6;5;4;6;5;6;5;1;3,66666666666667;3,66666666666667;3,63636363636364;5
"410";674;2;52;8;NA;2;-1;1;5;4;5;5;4;3;4;5;3;4;4;5;5;4;6;2;5;6;2;4;4;3;4;3;6;4;6;4;4;5;5;4;6;4;6;4;4;6;4;4;3;4;3;3;6;3;1;4,25;4;4,90909090909091;4
"411";675;2;28;8;NA;2;1;1;3;2;3;3;2;2;3;2;2;2;2;3;4;4;5;4;5;5;4;4;4;2;4;4;5;4;4;2;4;5;4;3;4;5;6;3;3;1;1;3;4;4;4;4;5;3;1;2,41666666666667;4,08333333333333;4,18181818181818;3,18181818181818
"412";676;2;21;7;NA;1;-1;2;5;3;3;3;1;1;4;3;3;4;4;3;5;3;4;1;3;4;4;4;4;3;4;3;4;4;3;3;4;4;4;4;4;4;4;2;4;4;5;5;4;5;5;5;5;5;1;3,08333333333333;3,5;3,81818181818182;4,45454545454545
"413";678;2;25;7;NA;3;-1;1;4;4;5;4;3;3;3;2;1;2;4;2;4;4;3;5;5;4;5;4;2;5;6;5;3;5;2;2;2;1;6;5;3;4;5;2;1;5;1;6;2;4;6;5;5;5;1;3,08333333333333;4,33333333333333;3,45454545454545;3,81818181818182
"414";679;2;23;8;NA;3;-1;2;5;4;4;4;5;3;4;3;3;2;1;5;3;2;5;1;6;5;6;3;5;1;6;5;4;2;4;5;5;2;4;6;6;5;4;5;1;6;3;6;1;2;6;2;6;1;1;3,58333333333333;4;4,27272727272727;3,54545454545455
"415";680;2;43;8;NA;1;-1;1;4;5;5;3;2;2;4;5;3;3;3;3;4;5;6;2;6;6;6;5;5;5;6;4;6;6;5;5;6;5;5;6;5;6;6;5;5;6;5;2;1;5;1;1;5;1;1;3,5;5;5,54545454545455;3,36363636363636
"416";681;1;21;7;NA;1;-1;1;5;5;5;3;2;2;4;4;4;4;4;4;2;4;3;1;4;5;3;2;4;4;5;4;4;5;2;5;2;3;4;4;2;6;5;1;5;6;6;2;4;5;4;4;6;2;1;3,83333333333333;3,41666666666667;3,81818181818182;4,09090909090909
"417";682;2;22;7;NA;2;-1;1;4;4;5;4;4;3;4;4;3;5;4;5;2;2;3;3;4;5;3;1;4;3;2;3;5;3;5;4;3;2;4;5;3;2;5;5;4;6;6;3;3;4;2;5;6;3;1;4,08333333333333;2,91666666666667;3,72727272727273;4,27272727272727
